ancien_cip13;ancien_code_barres;garde_cip13;garde_code_barres;regle;libelle
3400942005663;3662042005664;;3662042005664;A groupe 1 : meme code-barres;THEALOSE SOL OPHT FL 15ML T
3400962234135;3662042005664;;3662042005664;A groupe 1 : meme code-barres;THEALOSE SOL OPHT FL 15ML T
3400962378570;7323190234646;;7323190234646;A groupe 2 : meme code-barres;MEPILEX B FLEX EM 5CMX5CM 10 T ref 581220
3400963281503;7323190234646;;7323190234646;A groupe 2 : meme code-barres;MEPILEX B FLEX EM 5CMX5CM 10 T ref 581220
3400942003614;3662042003615;;3662042003615;A groupe 3 : meme code-barres;BLEPHACLEAN COMP STER PAUP 20
3400960253855;3662042003615;;3662042003615;A groupe 3 : meme code-barres;BLEPHACLEAN COMP STER PAUP 20
3400927013034;7613427013039;;7613427013039;A groupe 4 : meme code-barres;ONETOUCH VERIO BANDEL BT100
3400997399427;7613427013039;;7613427013039;A groupe 4 : meme code-barres;ONETOUCH VERIO BANDEL BT100
3400910000669;3534510000665;;3534510000665;A groupe 5 : meme code-barres;BEROCCA ENERGIE CPR BT30
3400962165149;3534510000665;;3534510000665;A groupe 5 : meme code-barres;BEROCCA ENERGIE CPR BT30
3400943901766;3700343901763;;3700343901763;A groupe 6 : meme code-barres;GO ON ONE INJ 60MG/6ML SERING1
3400961266007;3700343901763;;3700343901763;A groupe 6 : meme code-barres;GO ON ONE INJ 60MG/6ML SERING1
3400979931454;4028694000188;;4028694000188;A groupe 7 : meme code-barres;VISMED GEL OCUL LUBR UNID BT20
3400994000180;4028694000188;;4028694000188;A groupe 7 : meme code-barres;VISMED GEL OCUL LUBR UNID BT20
3400967700857;3700567700852;;3700567700852;A groupe 8 : meme code-barres;VERSOL E STER 1000ML FL
3400973958525;3700567700852;;3700567700852;A groupe 8 : meme code-barres;VERSOL E STER 1000ML FL
3400951783811;3700028501455;;3700028501455;A groupe 9 : meme code-barres;SYSTANE ULT UD GTT OCUL BT30 T
3400952026948;3700028501455;;3700028501455;A groupe 9 : meme code-barres;SYSTANE ULT UD GTT OCUL BT30 T
3400923074596;3401064412773;;3401064412773;A groupe 10 : meme code-barres;JELONET COMP PARAF10X40CM 10 T
3400964412777;3401064412773;;3401064412773;A groupe 10 : meme code-barres;JELONET COMP PARAF10X40CM 10 T
3400923491874;5000223491871;;5000223491871;A groupe 11 : meme code-barres;ALLEVYN GENT BOR 10X30CM 10 T
3400960366241;5000223491871;;5000223491871;A groupe 11 : meme code-barres;ALLEVYN GENT BOR 10X30CM 10 T
3400940000103;3615840000102;;3615840000102;A groupe 12 : meme code-barres;CARE+ PHYSIOLOGIC SOLUTION
3400962612148;3615840000102;;3615840000102;A groupe 12 : meme code-barres;CARE+ PHYSIOLOGIC SOLUTION
3400960966694;3701172200027;;3701172200027;A groupe 13 : meme code-barres;GYNEFAM SUPRA CAPS BT 90
3400972200021;3701172200027;;3701172200027;A groupe 13 : meme code-barres;GYNEFAM SUPRA CAPS BT 90
3400960966687;3701172200010;;3701172200010;A groupe 14 : meme code-barres;GYNEFAM SUPRA CAPS BT 30
3400972200014;3701172200010;;3701172200010;A groupe 14 : meme code-barres;GYNEFAM SUPRA CAPS BT 30
3400962234272;3664798026771;;3664798026771;A groupe 15 : meme code-barres;MITOSYL CHANGE 145G EG
3400998026773;3664798026771;;3664798026771;A groupe 15 : meme code-barres;MITOSYL CHANGE 145G EG
3400930066201;4015630066209;;4015630066209;A groupe 17 : meme code-barres;ACCU-CHEK GUIDE Kit
3400961160640;4015630066209;;4015630066209;A groupe 17 : meme code-barres;ACCU-CHEK GUIDE Kit
3400962395362;3664798029222;;3664798029222;A groupe 18 : meme code-barres;MITOSYL CHANGE TUBE 65G FR
3400998029224;3664798029222;;3664798029222;A groupe 18 : meme code-barres;MITOSYL CHANGE TUBE 65G FR
3400939101248;4030539101240;;4030539101240;A groupe 19 : meme code-barres;SODIUM 0,9% ECOTAINER NACL 1L 1
3400963704064;4030539101240;;4030539101240;A groupe 19 : meme code-barres;SODIUM 0,9% ECOTAINER NACL 1L 1
3400967700154;3700567700159;;3700567700159;A groupe 20 : meme code-barres;VERSOL E STER  500ML FL
3400973958464;3700567700159;;3700567700159;A groupe 20 : meme code-barres;VERSOL E STER  500ML FL
3400967700994;3401078189623;;3401078189623;A groupe 21 : meme code-barres;VERSOL EAU STERILE 250ML FL
3400978189627;3401078189623;;3401078189623;A groupe 21 : meme code-barres;VERSOL EAU STERILE 250ML FL
3400922096322;3400922096322;3400930297575;3400930297575;B1 groupe 1 : 2209632 remplace par 3029757;TRAMADOL/PAR.ZEN 37,5/325 CP20
3400990000221;3664490000222;3400962235583;4028694001413;B1 groupe 2 : 9000022 remplace par 6223558;VISMED MULTI GEL LUBR FL15ML (NEW)
3400951507318;300651507317;3400952027020;300651507645;B1 groupe 5 : 5150731 remplace par 5202702;SYSTANE ULT GTT OCUL LUB10ML T
3400951631037;3401051631033;3400952027020;300651507645;B1 groupe 5 : 5163103 remplace par 5202702;SYSTANE ULT GTT OCUL LUB10ML T
3400936743489;3400936743489;3400930311875;3400930311875;B1 groupe 6 : 3674348 remplace par 3031187;BROMAZEPAM ZEN 6MG CPR BT30
3400930065297;3400930065297;3400930248645;3400930248645;B1 groupe 10 : 3006529 remplace par 3024864;IBUPROFENE ZEN 400MG CPR BT20
3400938572445;3400938572445;3400930082751;3400930082751;B1 groupe 11 : 3857244 remplace par 3008275;ADENURIC 80MG CPR BT28
3400930212707;3400930212707;3400930248713;3400930248713;B1 groupe 12 : 3021270 remplace par 3024871;IBUPROFENE ZTV CONS 400MG CPR BT15
3400922152134;3400922152134;3400930272343;3400930272343;B1 groupe 13 : 2215213 remplace par 3027234;METFORMINE EG 500MG CPR BT90
3400938523188;3400938523188;3400930272398;3400930272398;B1 groupe 14 : 3852318 remplace par 3027239;METFORMINE EG 1000MG CPR BT90
3400949800308;3400949800308;3400930272336;3400930272336;B1 groupe 15 : 4980030 remplace par 3027233;METFORMINE EG 500MG CPR BT30
3400934351358;3400934351358;3400930297780;3400930297780;B1 groupe 16 : 3435135 remplace par 3029778;OMEZELIS CPR TB120
3400939533384;3400939533384;3400930303337;3400930303337;B1 groupe 17 : 3953338 remplace par 3030333;EUROBIOL 25000U GELU FV100
3400938231045;3400938231045;3400930288573;3400930288573;B1 groupe 18 : 3823104 remplace par 3028857;TRAMADOL ZEN LP 200MG CPR BT30
3400936501935;3400936501935;3400930272381;3400930272381;B1 groupe 20 : 3650193 remplace par 3027238;METFORMINE EG 1000MG CPR BT30
3400922086965;3400922086965;3400930272367;3400930272367;B1 groupe 22 : 2208696 remplace par 3027236;METFORMINE EG 850MG CPR BT30
3400934314278;3400934314278;3400930290125;3400930290125;B1 groupe 23 : 3431427 remplace par 3029012;TOPALGIC LP 100MG CPR BT30
3400930296554;3400930296554;3400935024176;3400935024176;B1 groupe 24 : 3029655 remplace par 3502417;NAPROSYNE 500MG CPR BT10
3400941626623;3400941626623;3400930331248;3400930331248;B1 groupe 25 : 4162662 remplace par 3033124;FUROSEMIDE** TVC 500MG CPR BT30
3400922018720;3400922018720;3400930307977;3400930307977;B1 groupe 26 : 2201872 remplace par 3030797;CANDESARTAN EG 16MG CPR BT30
3400937076807;3400937076807;3400930299388;;B1 groupe 27 : 3707680 remplace par 3029938;TAMSULOSINE VIA LP0,4MG GELU30
3400937057356;3400937057356;3400930299395;3400930299395;B1 groupe 27 : 3705735 remplace par 3029939;TAMSULOSINE VIA LP0,4MG GELU30
3400930022542;3400930022542;3400930325933;3400930325933;B1 groupe 28 : 3002254 remplace par 3032593;ROSUVASTATINE ZEN 5MG CPR BT90
3400938572506;3400938572506;3400930082768;3400930082768;B1 groupe 29 : 3857250 remplace par 3008276;ADENURIC 120MG CPR BT28
3400930065266;3400930065266;3400930248706;3400930248706;B1 groupe 30 : 3006526 remplace par 3024870;IBUPROFENE ZTC 400MG CPR BT10
3400927331787;3400927331787;3400937718967;3400937718967;B1 groupe 31 : 2733178 remplace par 3771896;CHAMPIX 1MG CPR BT56
3400949444137;3400949444137;3400930305461;3400930305461;B1 groupe 32 : 4944413 remplace par 3030546;ATORVASTATINE TVS 40MG CPR B28
3400927922640;3400927922640;3400930271872;3400930271872;B1 groupe 33 : 2792264 remplace par 3027187;NICOTINE EGS CI.2MG S/S GOM 96
3400934314797;3400934314797;3400930290057;3400930290057;B1 groupe 36 : 3431479 remplace par 3029005;TOPALGIC LP 200MG CPR BT30
3400927332098;3400927332098;3400937718097;3400937718097;B1 groupe 37 : 2733209 remplace par 3771809;CHAMPIX 0,5MG/1MG CPR BT25
3400922016887;3400922016887;3400930307908;3400930307908;B1 groupe 38 : 2201688 remplace par 3030790;CANDESARTAN EG 8MG CPR BT30
3400930002285;3400930002285;3400934808166;3400934808166;B1 groupe 40 : 3000228 remplace par 3480816;CONTRAMAL 50MG GELU BT30
3400930022597;3400930022597;3400930325919;3400930325919;B1 groupe 42 : 3002259 remplace par 3032591;ROSUVASTATINE ZEN 20MG CPR B90
3400930153703;3400930153703;3400930299883;3400930299883;B1 groupe 45 : 3015370 remplace par 3029988;IVABRADINE TVS 7,5MG CPR 56 DU
3400933927622;3400933927622;3400930328675;3400930328675;B1 groupe 46 : 3392762 remplace par 3032867;VERRUFILM LOC SOL FL14ML
3400922016078;3400922016078;3400930307854;3400930307854;B1 groupe 47 : 2201607 remplace par 3030785;CANDESARTAN EG 4MG CPR BT90
3400922017198;3400922017198;3400930307939;3400930307939;B1 groupe 50 : 2201719 remplace par 3030793;CANDESARTAN EG 8MG CPR BT90
3400922497556;3400922497556;3400930306413;3400930306413;B1 groupe 51 : 2249755 remplace par 3030641;CELECOXIB TVC 200MG GELU BT30
3400930296974;3400930296974;3400935856913;3400935856913;B1 groupe 52 : 3029697 remplace par 3585691;ZALDIAR 37,5MG/325MG CPR BT20
3400949443246;3400949443246;3400930305454;3400930305454;B1 groupe 53 : 4944324 remplace par 3030545;ATORVASTATINE TVS 20MG CPR B90
3400935847638;3400935847638;3400930316221;3400930316221;B1 groupe 54 : 3584763 remplace par 3031622;TRAVATAN 40MCG/ML CY FL2,5ML 1
3400926906870;3400926906870;3400930273975;3400930273975;B1 groupe 55 : 2690687 remplace par 3027397;MEMANTINE TVS 10MG CPR BT56
3400922015767;3400922015767;3400930307830;3400930307830;B1 groupe 56 : 2201576 remplace par 3030783;CANDESARTAN EG 4MG CPR BT30
3400934827617;3400934827617;3400930287460;3400930287460;B1 groupe 57 : 3482761 remplace par 3028746;CONTRAMAL LP 100MG CPR BT30
3400930296479;3400930296479;3400931684381;3400931684381;B1 groupe 58 : 3029647 remplace par 3168438;NAPROSYNE 250MG CPR BT10
3400927331619;3400927331619;3400937718738;3400937718738;B1 groupe 60 : 2733161 remplace par 3771873;CHAMPIX 1MG CPR BT28
3400938499773;3400938499773;3400930318423;3400930318423;B1 groupe 61 : 3849977 remplace par 3031842;MYFENAX 500MG CPR BT50
3400936774476;3400936774476;3400930315729;3400930315729;B1 groupe 62 : 3677447 remplace par 3031572;EUROBIOL 12500U/DOS GLE FL20G
3400922019031;3400922019031;3400930307991;3400930307991;B1 groupe 63 : 2201903 remplace par 3030799;CANDESARTAN EG 16MG CPR BT90
3400930065228;3400930065228;3400930248676;3400930248676;B1 groupe 67 : 3006522 remplace par 3024867;IBUPROFENE ZTC 200MG CPR BT20
3400936678514;3400936678514;3400930313916;3400930313916;B1 groupe 68 : 3667851 remplace par 3031391;GABAPENTINE* TVC 300MG GELU 90
3400930153727;3400930153727;3400930299876;3400930299876;B1 groupe 69 : 3015372 remplace par 3029987;IVABRADINE TVS 5MG CPR BT56 DU
3400922495194;3400922495194;3400930306383;3400930306383;B1 groupe 70 : 2249519 remplace par 3030638;CELECOXIB TVC 100MG GELU BT30
3400939332703;3400939332703;3400930266090;3400930266090;B1 groupe 72 : 3933270 remplace par 3026609;LOSARTAN EG 100MG CPR BT30
3400938291827;3400938291827;3400930300503;3400930300503;B1 groupe 73 : 3829182 remplace par 3030050;FEXOFENADINE VIA 180MG CPR 15
3400930265444;3400930265444;3400930301760;3400930301760;B1 groupe 74 : 3026544 remplace par 3030176;DIMETHYL FUM.EG 120MG GELU 14
3400920128179;3401520128170;3400964176327;3664490022507;B1 groupe 75 : 2012817 remplace par 6417632;ODM5 SOL OPHT FL 10ML
3400930094631;3400930094631;3400930293034;3400930293034;B1 groupe 77 : 3009463 remplace par 3029303;TADALAFIL TVC 20MG CPR BT4 DU
3400934828096;3400934828096;3400930287606;3400930287606;B1 groupe 78 : 3482809 remplace par 3028760;CONTRAMAL LP 200MG CPR BT30
3400922095950;3400922095950;3400930297582;3400930297582;B1 groupe 79 : 2209595 remplace par 3029758;TRAMADOL/PAR.VIA 37,5/325 CP20
3400949446438;3400949446438;3400930305492;3400930305492;B1 groupe 80 : 4944643 remplace par 3030549;ATORVASTATINE TVS 80MG CPR B90
3400934827846;3400934827846;3400930287552;3400930287552;B1 groupe 81 : 3482784 remplace par 3028755;CONTRAMAL LP 150MG CPR BT30
3400927726989;3400927726989;3400930080610;3400930080610;B1 groupe 82 : 2772698 remplace par 3008061;BISOPROLOL QVR 5MG CPR BT30
3400935755407;3400935755407;3400930231128;3400930231128;B1 groupe 85 : 3575540 remplace par 3023112;TIGREAT 2,5MG CPR BT6
3400943259577;3401043259573;3400989863370;8053689863376;B1 groupe 87 : 4325957 remplace par 8986337;IALUSET CR FL PRES 100G T
3400949644049;3400949644049;3400930029985;3400930029985;B1 groupe 88 : 4964404 remplace par 3002998;ALFA-AMYLASE BGC 3000U CPR18DU
3400949445608;3400949445608;3400930305485;3400930305485;B1 groupe 89 : 4944560 remplace par 3030548;ATORVASTATINE TVS 80MG CPR B28
3400949757381;3400949757381;3400930318256;3400930318256;B1 groupe 91 : 4975738 remplace par 3031825;OMEPRAZOLE ARL 10MG GELU FL28
3400936774247;3400936774247;3400930029954;3400930029954;B1 groupe 92 : 3677424 remplace par 3002995;ALFA-AMYLASE BGC 200U SIR200ML
3400930012260;3400930012260;3400930303283;3400930303283;B1 groupe 94 : 3001226 remplace par 3030328;EUROBIOL 12500U GELU FV100
3400930117583;3400930117583;3400930318874;3400930318874;B1 groupe 95 : 3011758 remplace par 3031887;EFAVIR/EMTRICIT/TENOF.EG FL30
3400936156470;3400936156470;3400930231135;3400930231135;B1 groupe 96 : 3615647 remplace par 3023113;TIGREAT 2,5MG CPR BT12
3400927925832;3400927925832;3400930272206;3400930272206;B1 groupe 98 : 2792583 remplace par 3027220;NICOTINE EGS ME.4MG S/S GOM 96
3400930022559;3400930022559;3400930325872;3400930325872;B1 groupe 99 : 3002255 remplace par 3032587;ROSUVASTATINE ZEN 10MG CPR B30
3400930130858;3400930130858;3400930254035;3400930254035;B1 groupe 100 : 3013085 remplace par 3025403;ZEJULA 100MG GELU BT56 D.U
3400930265468;3400930265468;3400930301791;3400930301791;B1 groupe 101 : 3026546 remplace par 3030179;DIMETHYL FUM.EG 240MG GELU 56
3400930182451;3400930182451;3400930301951;3400930301951;B1 groupe 102 : 3018245 remplace par 3030195;FULVESTRANT EG 250MG SRG5ML 1
3400955076919;3400955076919;3400930311127;3400930311127;B1 groupe 103 : 5507691 remplace par 3031112;RIVASTIGMINE ZEN 9,5MG/24H DISP BT 30
3400949114863;5712249114862;3400949125722;5712249125721;B1 groupe 104 : 4911486 remplace par 4912572;NOVOPEN ECHO PLUS STYL ROU T
3400930022573;3400930022573;3400930325896;3400930325896;B1 groupe 106 : 3002257 remplace par 3032589;ROSUVASTATINE ZEN 20MG CPR B30
3400930126684;3400930126684;3400930254042;3400930254042;B1 groupe 109 : 3012668 remplace par 3025404;ZEJULA 100MG GELU BT84 D.U
3400930109359;3400930109359;3400930323458;3400930323458;B1 groupe 110 : 3010935 remplace par 3032345;KISQALI 200MG CPR BT63
3400930109342;3400930109342;3400930323441;3400930323441;B1 groupe 111 : 3010934 remplace par 3032344;KISQALI 200MG CPR BT42
3400930109335;3400930109335;3400930323434;3400930323434;B1 groupe 112 : 3010933 remplace par 3032343;KISQALI 200MG CPR BT21
3400930059654;3400930059654;3400930266755;3400930266755;B1 groupe 113 : 3005965 remplace par 3026675;IMATINIB ACC 400MG CPR BT30 DU
3400930230329;3400930230329;3400930212226;3400930212226;B1 groupe 115 : 3023032 remplace par 3021222;FINGOLIMOD BGA 0,5MG GELU BT28
3400930026878;3400930026878;3400930309049;3400930309049;B1 groupe 116 : 3002687 remplace par 3030904;IMATINIB EG 400MG CPR FL30
3400930059630;3400930059630;3400930266731;3400930266731;B1 groupe 117 : 3005963 remplace par 3026673;IMATINIB ACC 100MG CPR BT60 DU
3400930277362;3400930277362;3400930321645;3400930321645;B1 groupe 118 : 3027736 remplace par 3032164;TERIFLUNOMIDE TVC 14MG CPR B28
3400930105153;3400930105153;3400930323649;3400930323649;B1 groupe 119 : 3010515 remplace par 3032364;EFAVIR/EMTRICIT/TENOF.ZEN FL30
3400930278406;3400930278406;3400930323175;3400930323175;B1 groupe 121 : 3027840 remplace par 3032317;RIZMOIC 200MCG CPR PELLIC BT30
3400930238943;3400930238943;3400930238851;3400930238851;B1 groupe 124 : 3023894 remplace par 3023885;EZETIMIBE ZEN 10MG CPR BT90
3400941509377;3400941509377;3400930302019;3400930302019;B1 groupe 125 : 4150937 remplace par 3030201;EXEMESTANE ARW 25MG CPR BT30
3400930059791;3400930059791;3400930308424;3400930308424;B1 groupe 126 : 3005979 remplace par 3030842;EZETIMIBE TVC 10MG CPR BT90 DU
3400930125076;3400930125076;3400930125045;3400930125045;B1 groupe 127 : 3012507 remplace par 3012504;RASAGILINE ARW 1MG CPR BT30
3400927793066;3400927793066;3400930313046;3400930313046;B1 groupe 128 : 2779306 remplace par 3031304;OXYCODONE BGA LP 80MG CPR 28DU
3400930012284;3400930012284;3400930303344;3400930303344;B1 groupe 130 : 3001228 remplace par 3030334;EUROBIOL 40000U GELU FV50
3400930059760;3400930059760;3400930308400;3400930308400;B1 groupe 133 : 3005976 remplace par 3030840;EZETIMIBE TVC 10MG CPR BT30 DU
3400930276211;3400930276211;3400930270202;3400930270202;B1 groupe 137 : 3027621 remplace par 3027020;RIVAROXABAN VIA 20MG CPR BT28
3400938090734;3400938090734;3400927915376;3400927915376;B1 groupe 138 : 3809073 remplace par 2791537;CLARITHROMYCINE ARW 500MG CP14
3400927836503;3400927836503;3400930237786;3400930237786;B1 groupe 139 : 2783650 remplace par 3023778;MONTELUKAST ARW 4MG GLE SACH28
3400960966663;3662042004902;3400942009005;3662042009006;B1 groupe 140 : 6096666 remplace par 4200900;THEALOSE SOL OPHT UNID 30 T
3400938090673;3400938090673;3400930303115;3400930303115;B1 groupe 142 : 3809067 remplace par 3030311;CLARITHROMYCINE ARW 500MG CP10
3400936677852;3400936677852;3400930313886;3400930313886;B1 groupe 143 : 3667785 remplace par 3031388;GABAPENTINE TVC 100MG GELU 90
3400936677333;3400936677333;3400930171301;3400930171301;B1 groupe 147 : 3667733 remplace par 3017130;CITALOPRAM ARW 20MG CPR BT30
3400938088373;3400938088373;3400930303108;3400930303108;B1 groupe 149 : 3808837 remplace par 3030310;CLARITHROMYCINE ARW 250MG CP10
3400930086988;3400930086988;3400930053782;3400930053782;B1 groupe 153 : 3008698 remplace par 3005378;ROSUVASTATINE VIA 5MG CPR FL30
3400930241257;3400930241257;3400930241219;3400930241219;B1 groupe 159 : 3024125 remplace par 3024121;BILASTINE BGA 20MG CPR BT30 DU
3400930227992;3400930227992;3400930227947;3400930227947;B1 groupe 162 : 3022799 remplace par 3022794;BILASTINE TVC 20MG CPR BT30
3400926615109;3400926615109;3400930242957;3400930242957;B1 groupe 164 : 2661510 remplace par 3024295;CICLOPIROX OLAM.TVC 1% CR T30G
3400936209503;3400936209503;3400930276563;3400930276563;B1 groupe 170 : 3620950 remplace par 3027656;ALPRAZOLAM TVC 0,50MG CPR BT30
3400934563157;3400934563157;3400930271278;3400930271278;B1 groupe 171 : 3456315 remplace par 3027127;ALPRAZOLAM ARW 0,25MG CPR BT30
