3474419;3400934744198;INTEGRAL TOP 200;1;1;1;KARDEGIC 75MG PDR SACH 30;1,29;0,021;;;;1;99999;0,00
4960553;3400949605538;INTEGRAL TOP 200;1;1;1;IZALGI 500MG/25MG GELU BT16;1,25;0,021;;;;1;99999;0,00
3200509;3400932005093;INTEGRAL TOP 200;1;1;1;DIPROSTENE INJ SERING1ML 1;3,71;0,021;;;;1;99999;0,00
6223413;3662042005664;INTEGRAL TOP 200;1;1;1;THEALOSE SOL OPHT FL 15ML T;8,34;0,200;;;;1;99999;0,00
3324737;3400933247379;INTEGRAL TOP 200;1;1;1;KARDEGIC 160MG PDR SACH 30;1,29;0,021;;;;1;99999;0,00
3515495;3400935154958;INTEGRAL TOP 200;1;1;1;LAMALINE GELU BT16;1,10;0,021;;;;1;99999;0,00
3098608;3400930986080;INTEGRAL TOP 200;1;1;1;SPASFON CPR BT30;1,75;0,021;;;;1;99999;0,00
3029291;3400930292914;INTEGRAL TOP 200;1;1;1;MOUNJARO 5MG INJ STYLO KWIKPEN 1;212,74;0,021;;;;1;99999;0,00
2238562;3400922385624;INTEGRAL TOP 200;1;1;1;HELICIDINE 10% S/S SIR FP250ML;2,34;0,021;;;;1;99999;0,00
3290599;3400932905997;INTEGRAL TOP 200;1;1;1;DIFFU-K 600MG GELU BT40;1,61;0,021;;;;1;99999;0,00
3029290;3400930292907;INTEGRAL TOP 200;1;1;1;MOUNJARO 2,5MG INJ STYLO KWIKPEN 1;157,36;0,021;;;;1;99999;0,00
3443873;3400934438738;INTEGRAL TOP 200;1;1;1;VENTOLINE 100MCG INH FL200DOS 1;3,06;0,021;;;;1;99999;0,00
6042767;4028694001468;INTEGRAL TOP 200;1;1;1;VISMED MULTI GTT LUBR FL15ML T;8,60;0,200;;;;1;99999;0,00
4066958;3401040669580;INTEGRAL TOP 200;1;1;1;HYLO CONFORT+COLLY HYD F10ML T;7,02;0,200;;;;1;99999;0,00
3216290;3400932162901;INTEGRAL TOP 200;1;1;1;SKIACOL 0,5% COLLY FL0,5ML;7,11;0,100;;;;1;99999;0,00
3005620;3400930056202;INTEGRAL TOP 200;1;1;1;GARDASIL 9 INJ SRG0,5ML 1+2AIG;103,40;0,021;;;;1;99999;0,00
3138414;3400931384144;INTEGRAL TOP 200;1;1;1;STERDEX POM OPHT UNIDOS 12;1,73;0,021;;;;1;99999;0,00
3130737;3400931307372;INTEGRAL TOP 200;1;1;1;NORMACOL LAVEMENT AD. D.130ML;1,23;0,021;;;;1;99999;0,00
3552898;3400935528988;INTEGRAL TOP 200;1;1;1;IBUFETUM 5% GEL TB60G;1,61;0,021;;;;1;99999;0,00
2686303;3400926863036;INTEGRAL TOP 200;1;1;1;BEXSERO INJ SRG0,5ML 1 +AIG;70,51;0,021;;;;1;99999;0,00
3267672;3400932676729;INTEGRAL TOP 200;1;1;1;ANTADYS 100MG CPR BT15;2,04;0,021;;;;1;99999;0,00
3034844;3400930348444;INTEGRAL TOP 200;1;1;1;EDUCTYL AD. SUP EFFV BT12;1,29;0,021;;;;1;99999;0,00
3186301;3400931863014;INTEGRAL TOP 200;1;1;1;SPASFON LYOC 80MG LYOT ORAL 10;1,12;0,021;;;;1;99999;0,00
3019275;3400930192757;INTEGRAL TOP 200;1;1;1;SLINDA 4MG CPR PELLIC BT28X3;26,16;0,100;;;;1;99999;0,00
3309525;3400933095253;INTEGRAL TOP 200;1;1;1;GAVISCON BUV SUSP SACH10ML 24;3,42;0,021;;;;1;99999;0,00
3171050;3400931710509;INTEGRAL TOP 200;1;1;1;VIT B12 DEL.1000MCG INJ A.2ML 6;2,14;0,021;;;;1;99999;0,00
3535836;3400935358363;INTEGRAL TOP 200;1;1;1;ZYMAD 10000UI/ML BUV GTT 10ML;1,53;0,021;;;;1;99999;0,00
3479670;3400934796708;INTEGRAL TOP 200;1;1;1;DACUDOSES OPHT UNIDOS10ML 24;2,10;0,021;;;;1;99999;0,00
3234017;3400932340170;INTEGRAL TOP 200;1;1;1;FLUVERMAL CPR BT6;2,02;0,021;;;;1;99999;0,00
3014186;3400930141861;INTEGRAL TOP 200;1;1;1;SHINGRIX INJ FL+FL 1;168,39;0,021;;;;1;99999;0,00
3006555;3400930065556;INTEGRAL TOP 200;1;1;1;LEVOTHYROX 25MCG CPR BT30 EXC;0,50;0,021;;;;1;99999;0,00
3030312;3400930303122;INTEGRAL TOP 200;1;1;1;EYLEA 114,3MG/ML INJ SRG 1;352,02;0,021;;;;1;99999;0,00
3006578;3400930065785;INTEGRAL TOP 200;1;1;1;LEVOTHYROX 75MCG CPR BT30 EXC;1,23;0,021;;;;1;99999;0,00
3625137;3400936251373;INTEGRAL TOP 200;1;1;1;SPIFEN 400MG CPR BT20;1,56;0,021;;;;1;99999;0,00
3002858;3400930028582;INTEGRAL TOP 200;1;1;1;REPATHA 140MG INJ STYLO1ML 1;164,44;0,021;;;;1;99999;0,00
3778421;3400937784214;INTEGRAL TOP 200;1;1;1;FLECTOR 1% GEL FL100G;2,24;0,021;;;;1;99999;0,00
6006071;3401060060718;INTEGRAL TOP 200;1;1;1;OPTIVE  FUSION COLLYRE FL 10 ML;5,61;0,200;;;;1;99999;0,00
2673826;3400926738266;INTEGRAL TOP 200;1;1;1;MONOPROST 50MCG/ML COLLY DOS30;7,33;0,021;;;;1;99999;0,00
3461546;3400934615467;INTEGRAL TOP 200;1;1;1;DOLIPRANE 2,4% BUV FV100ML 1;1,08;0,021;;;;1;99999;0,00
2225720;3400922257204;INTEGRAL TOP 200;1;1;1;ELUDRILPERIO BAIN BCHE FL200ML;2,02;0,021;;;;1;99999;0,00
3006566;3400930065662;INTEGRAL TOP 200;1;1;1;LEVOTHYROX 50MCG CPR BT30 EXC;0,85;0,021;;;;1;99999;0,00
3325406;3400933254063;INTEGRAL TOP 200;1;1;1;METEOSPASMYL CAPS BT20;2,18;0,021;;;;1;99999;0,00
3006589;3400930065891;INTEGRAL TOP 200;1;1;1;LEVOTHYROX 100MCG CPR BT30 EXC;1,59;0,021;;;;1;99999;0,00
9000008;3664490000086;INTEGRAL TOP 200;1;1;1;NEOVIS TOT MULTI GTT FL15ML T;8,60;0,200;;;;1;99999;0,00
3244079;3400932440795;INTEGRAL TOP 200;1;1;1;FLUVERMAL 2% BUV FL30ML;2,25;0,021;;;;1;99999;0,00
6223558;4028694001413;INTEGRAL TOP 200;1;1;1;VISMED GEL MULTI GTT LUBR FL15ML (NEW);8,60;0,200;;;;1;99999;0,00
3029293;3400930292938;INTEGRAL TOP 200;1;1;1;MOUNJARO 7,5MG INJ STYLO KWIKPEN 1;301,11;0,021;;;;1;99999;0,00
3192750;3400931927501;INTEGRAL TOP 200;1;1;1;STAGID 700MG CPR BT30;1,76;0,021;;;;1;99999;0,00
3535606;3400935356062;INTEGRAL TOP 200;1;1;1;DERINOX SOL NAS FL15ML +POMP;4,43;0,100;;;;1;99999;0,00
3024437;3400930244371;INTEGRAL TOP 200;1;1;1;VAXNEUVANCE;43,39;0,021;;;;1;99999;0,00
3293534;3400932935345;INTEGRAL TOP 200;1;1;1;CLARADOL 500MG CAFEINE CPR 16;1,15;0,021;;;;1;99999;0,00
3464668;3400934646683;INTEGRAL TOP 200;1;1;1;INDOCOLLYRE 0,1% COLLY DOS 20;2,50;0,021;;;;1;99999;0,00
3066933;3400930669334;INTEGRAL TOP 200;1;1;1;METEOXANE GELU BT60;2,72;0,021;;;;1;99999;0,00
3687374;3400936873742;INTEGRAL TOP 200;1;1;1;REPEVAX INJ SRG 1 S/A+1;19,17;0,021;;;;1;99999;0,00
3820382;3400938203820;INTEGRAL TOP 200;1;1;1;AZYTER COLLY UNIDOS 6;4,12;0,021;;;;1;99999;0,00
3351800;3400933518004;INTEGRAL TOP 200;1;1;1;TARDYFERON 80MG CPR BT30;2,27;0,021;;;;1;99999;0,00
2225393;3400922253930;INTEGRAL TOP 200;1;1;1;NIMENRIX INJ FL+SRG 1 A/2AIG;34,80;0,021;;;;1;99999;0,00
3000376;3400930003763;INTEGRAL TOP 200;1;1;1;TRULICITY 1,5MG INJ STY0,5ML 4;71,42;0,021;;;;1;99999;0,00
3015110;3400930151105;INTEGRAL TOP 200;1;1;1;OZEMPIC 1MG INJ STYLO3ML 1;68,25;0,021;;;;1;99999;0,00
3012140;3400930121405;INTEGRAL TOP 200;1;1;1;LEVOTHYROX 75MCG CPR BT90 EXC;3,45;0,021;;;;1;99999;0,00
3218969;3400932189694;INTEGRAL TOP 200;1;1;1;LOCOID 0,1% CR TB30G;2,17;0,021;;;;1;99999;0,00
3595583;3400935955838;INTEGRAL TOP 200;1;1;1;DOLIPRANE 1000MG CPR BT8;0,88;0,021;;;;1;99999;0,00
3113638;3400931136385;INTEGRAL TOP 200;1;1;1;VIT B12 GERDA 1000MCG AMP4ML 6;2,14;0,021;;;;1;99999;0,00
3189363;3400931893639;INTEGRAL TOP 200;1;1;1;ASPEGIC BB. 100MG BUV SACH 20;1,17;0,021;;;;1;99999;0,00
3025862;3400930258620;INTEGRAL TOP 200;1;1;1;WEGOVY 0,25MG FLEX INJ STYLO SC 1;131,21;0,021;;;;1;99999;0,00
3192253;3400931922537;INTEGRAL TOP 200;1;1;1;PANOTILE GTT AURIC FL8ML;1,42;0,021;;;;1;99999;0,00
3006568;3400930065686;INTEGRAL TOP 200;1;1;1;LEVOTHYROX 50MCG CPR BT90 EXC;2,31;0,021;;;;1;99999;0,00
3023000;3400930230008;INTEGRAL TOP 200;1;1;1;ASPIRINE PROTECT 100MG CPR 30;1,50;0,021;;;;1;99999;0,00
3233153;3400932331536;INTEGRAL TOP 200;1;1;1;DOLIPRANE 500MG PDR SACH 12;0,88;0,021;;;;1;99999;0,00
3174284;3400931742845;INTEGRAL TOP 200;1;1;1;LEXOMIL 6MG CPR TB30;1,35;0,021;;;;1;99999;0,00
6311785;3614790000712;INTEGRAL TOP 200;1;1;1;ELIXYA SOL OPHT HYD FL 10ML T;6,21;0,200;;;;1;99999;0,00
3006601;3400930066010;INTEGRAL TOP 200;1;1;1;LEVOTHYROX 125MCG CPR BT30 EXC;1,95;0,021;;;;1;99999;0,00
3707125;3400937071253;INTEGRAL TOP 200;1;1;1;RHINOMAXIL 100MCG NAS PULV120D.;4,90;0,021;;;;1;99999;0,00
3158575;3400931585756;INTEGRAL TOP 200;1;1;1;TRIDESONIT 0,05% CR TB30G;1,51;0,021;;;;1;99999;0,00
3041867;3400930418673;INTEGRAL TOP 200;1;1;1;FUNGIZONE 10% BUV FL40ML;4,23;0,021;;;;1;99999;0,00
4153396;3400941533969;INTEGRAL TOP 200;1;1;1;DOLIPRANE 1000MG GELU BT8;0,88;0,021;;;;1;99999;0,00
3624698;3400936246980;INTEGRAL TOP 200;1;1;1;DOLIPRANE 1000MG BUV SACH 8;0,88;0,021;;;;1;99999;0,00
3026454;3400930264546;INTEGRAL TOP 200;1;1;1;COUMADINE 2MG CPR BT20;1,23;0,021;;;;1;99999;0,00
3025866;3400930258668;INTEGRAL TOP 200;1;1;1;WEGOVY 2,4MG FLEX INJ STYLO SC 1;174,45;0,021;;;;1;99999;0,00
4168624;3400941686245;INTEGRAL TOP 200;1;1;1;SPASFON LYOC 160MG LYOT ORAL 5;1,12;0,021;;;;1;99999;0,00
3025864;3400930258644;INTEGRAL TOP 200;1;1;1;WEGOVY 1MG FLEX INJ STYLO SC 1;131,21;0,021;;;;1;99999;0,00
3513734;3400935137340;INTEGRAL TOP 200;1;1;1;PRIORIX INJ FL+SRG 1 +2AIG;11,40;0,021;;;;1;99999;0,00
3391308;3400933913083;INTEGRAL TOP 200;1;1;1;ESTREVA GEL FL-DOS 50G;4,46;0,021;;;;1;99999;0,00
3747768;3400937477680;INTEGRAL TOP 200;1;1;1;DEXAFREE 1MG/ML COLLY DOS 30;3,69;0,021;;;;1;99999;0,00
3279066;3400932790661;INTEGRAL TOP 200;1;1;1;OTIPAX SOL INSTIL AUR FV16G+CG;1,52;0,021;;;;1;99999;0,00
3021645;3400930216453;INTEGRAL TOP 200;1;1;1;TRULICITY 3MG INJ STY0,5ML 4;71,42;0,021;;;;1;99999;0,00
3029294;3400930292945;INTEGRAL TOP 200;1;1;1;MOUNJARO 10MG INJ STYLO KWIKPEN 1;301,11;0,021;;;;1;99999;0,00
3135858;3400931358589;INTEGRAL TOP 200;1;1;1;PYOSTACINE 500MG CPR BT16;15,92;0,021;;;;1;99999;0,00
3264550;3400932645503;INTEGRAL TOP 200;1;1;1;TOCO 500MG CAPS MOL BT30;2,25;0,021;;;;1;99999;0,00
3023497;3400930234976;INTEGRAL TOP 200;1;1;1;UVEDOSE 50000UI CAPS MOL BT2;1,78;0,021;;;;1;99999;0,00
3499945;3400934999451;INTEGRAL TOP 200;1;1;1;DOLIPRANE 300MG PDR SACH 12;1,12;0,021;;;;1;99999;0,00
3105283;3400931052838;INTEGRAL TOP 200;1;1;1;THERALENE 5MG CPR PELLIC BT50;1,49;0,021;;;;1;99999;0,00
3118794;3400931187943;INTEGRAL TOP 200;1;1;1;FEROGRAD VIT C 500 CPR BT30;1,92;0,021;;;;1;99999;0,00
3006557;3400930065570;INTEGRAL TOP 200;1;1;1;LEVOTHYROX 25MCG CPR BT90 EXC;1,26;0,021;;;;1;99999;0,00
3228577;3400932285778;INTEGRAL TOP 200;1;1;1;STRESAM GELU BT60;6,98;0,100;;;;1;99999;0,00
4066912;3401040669122;INTEGRAL TOP 200;1;1;1;HYLO CONFORT COLLY HYD F10ML T;7,02;0,200;;;;1;99999;0,00
3008456;3400930084564;INTEGRAL TOP 200;1;1;1;ATURGYL 0,05% NAS FL15ML;1,13;0,021;;;;1;99999;0,00
2217904;3400922179049;INTEGRAL TOP 200;1;1;1;OPTILOVA 20MCG/100MCG CPR 28X3;3,23;0,021;;;;1;99999;0,00
3020488;3400930204887;INTEGRAL TOP 200;1;1;1;KLIPAL 600MG/50MG CPR BT12;1,38;0,021;;;;1;99999;0,00
3021648;3400930216484;INTEGRAL TOP 200;1;1;1;TRULICITY 4,5MG INJ STY0,5ML 4;71,42;0,021;;;;1;99999;0,00
3570614;3400935706140;INTEGRAL TOP 200;1;1;1;TIMOFEROL GELU BT30;1,42;0,021;;;;1;99999;0,00
3026024;3400930260241;INTEGRAL TOP 200;1;1;1;WEGOVY 1,7MG FLEX INJ STYLO SC 1;151,27;0,021;;;;1;99999;0,00
3529422;3400935294227;INTEGRAL TOP 200;1;1;1;DOLIPRANE 1000MG CPR EFFV TB8;0,88;0,021;;;;1;99999;0,00
3189819;3400931898191;INTEGRAL TOP 200;1;1;1;ASPEGIC AD. 1000MG BUV SACH 20;2,23;0,021;;;;1;99999;0,00
3192767;3400931927679;INTEGRAL TOP 200;1;1;1;STAGID 700MG CPR BT100;4,92;0,021;;;;1;99999;0,00
3348413;3400933484132;INTEGRAL TOP 200;1;1;1;PREVISCAN 20MG CPR BT30;1,76;0,021;;;;1;99999;0,00
3422397;3400934223976;INTEGRAL TOP 200;1;1;1;XYLOCAINE 10MG/ML S/C FL20ML 1;1,25;0,021;;;;1;99999;0,00
2735007;3400927350078;INTEGRAL TOP 200;1;1;1;HEXYON INJ SRG0,5ML 1 + 1AIG;28,94;0,021;;;;1;99999;0,00
3480940;3400934809408;INTEGRAL TOP 200;1;1;1;DOLIPRANE 150MG SUP BT10;1,03;0,021;;;;1;99999;0,00
3230829;3400932308293;INTEGRAL TOP 200;1;1;1;DIPROSONE 0,05% POM TB30G;2,41;0,021;;;;1;99999;0,00
3446417;3400934464171;INTEGRAL TOP 200;1;1;1;PAROEX 0,12% BAIN BCHE F300ML;2,02;0,021;;;;1;99999;0,00
3644146;3400936441460;INTEGRAL TOP 200;1;1;1;PLAQUENIL 200MG CPR PEL BT30;2,90;0,021;;;;1;99999;0,00
3153342;3400931533429;INTEGRAL TOP 200;1;1;1;POLYDEXA SOL AURIC FL10,5ML;1,48;0,021;;;;1;99999;0,00
2669210;3400926692100;INTEGRAL TOP 200;1;1;1;MELAXOSE PATE ORAL POT P150G+C;3,42;0,021;;;;1;99999;0,00
3412594;3400934125942;INTEGRAL TOP 200;1;1;1;GYDRELLE 0,1% CR VAG TB30G;2,70;0,021;;;;1;99999;0,00
3001667;3400930016671;INTEGRAL TOP 200;1;1;1;TOUJEO 300U SOLOSTAR STY1,5ML3;31,08;0,021;;;;1;99999;0,00
5437210;3401554372105;INTEGRAL TOP 200;1;1;1;SYSTANE BAL GTT OCUL LUB10ML T;8,52;0,200;;;;1;99999;0,00
3105308;3400931053088;INTEGRAL TOP 200;1;1;1;THERALENE 4% BUV GTT FL30ML;1,62;0,021;;;;1;99999;0,00
3140500;3400931405009;INTEGRAL TOP 200;1;1;1;LEPTICUR 10MG CPR BT30;3,52;0,021;;;;1;99999;0,00
2788676;3400927886768;INTEGRAL TOP 200;1;1;1;XIGDUO 5MG/1000MG CPR BT60;32,37;0,021;;;;1;99999;0,00
3419538;3400934195389;INTEGRAL TOP 200;1;1;1;INDOCOLLYRE 0,1% COLLY FL5ML;2,59;0,021;;;;1;99999;0,00
3019529;3400930195291;INTEGRAL TOP 200;1;1;1;BAQSIMI 3MG PDR NAS UNIDOS  1;52,41;0,021;;;;1;99999;0,00
3403589;3400934035890;INTEGRAL TOP 200;1;1;1;ARTELAC 1,6MG/0,5ML CY DOS 60;4,81;0,021;;;;1;99999;0,00
2678410;3400926784102;INTEGRAL TOP 200;1;1;1;ELIQUIS 5MG CPR BT60;52,41;0,021;;;;1;99999;0,00
3023498;3400930234983;INTEGRAL TOP 200;1;1;1;UVEDOSE 50000UI CAPS MOL BT4;3,44;0,021;;;;1;99999;0,00
3026231;3400930262313;INTEGRAL TOP 200;1;1;1;VITABACT 0,05% CY FL GTT10ML 1;3,91;0,021;;;;1;99999;0,00
3005328;3400930053287;INTEGRAL TOP 200;1;1;1;ANTIBIO-SYNALAR AURIC SOL 10ML;1,63;0,021;;;;1;99999;0,00
3491240;3400934912405;INTEGRAL TOP 200;1;1;1;MONAZOL 2% CR TB15G;2,24;0,021;;;;1;99999;0,00
3012142;3400930121429;INTEGRAL TOP 200;1;1;1;LEVOTHYROX 100MCG CPR BT90 EXC;4,53;0,021;;;;1;99999;0,00
3338461;3400933384616;INTEGRAL TOP 200;1;1;1;FLECTOR 1% GEL TB60G - NSFP;1,69;0,021;;;;1;99999;0,00
3015793;3400930157930;INTEGRAL TOP 200;1;1;1;LEVOTHYROX 88MCG CPR BT30;1,41;0,021;;;;1;99999;0,00
3219294;3400932192946;INTEGRAL TOP 200;1;1;1;DUPHASTON 10MG CPR BT10;2,31;0,021;;;;1;99999;0,00
3232018;3400932320189;INTEGRAL TOP 200;1;1;1;DOLIPRANE 500MG CPR BT16;0,88;0,021;;;;1;99999;0,00
3003791;3400930037911;INTEGRAL TOP 200;1;1;1;ENTRESTO 49MG/51MG CPR BT56;98,15;0,021;;;;1;99999;0,00
3442307;3400934423079;INTEGRAL TOP 200;1;1;1;ADRIGYL 10000UI/ML GTT FL10ML;1,32;0,021;;;;1;99999;0,00
3162329;3400931623298;INTEGRAL TOP 200;1;1;1;COLPOTROPHINE CAPS VAG BT20;3,67;0,021;;;;1;99999;0,00
3003790;3400930037904;INTEGRAL TOP 200;1;1;1;ENTRESTO 24MG/26MG CPR BT28;49,06;0,021;;;;1;99999;0,00
4028694001499;4028694001499;INTEGRAL TOP 200;1;1;1;HYLOVIS MULTI GTT FL15ML 1;8,49;0,200;;;;1;99999;0,00
2685798;3400926857981;INTEGRAL TOP 200;1;1;1;TRESIBA 200U/ML INJ STYL.3ML 3;49,84;0,021;;;;1;99999;0,00
3024785;3400930247853;INTEGRAL TOP 200;1;1;1;PREVENAR 20 INJ SRG0,5ML+AIG 1;50,30;0,021;;;;1;99999;0,00
3677387;3400936773875;INTEGRAL TOP 200;1;1;1;BOOSTRIXTETRA INJ SRG0,5ML+A 1;19,17;0,021;;;;1;99999;0,00
3772298;3400937722988;INTEGRAL TOP 200;1;1;1;LANTUS 100U/ML INJ SOLO3ML 5;32,31;0,021;;;;1;99999;0,00
3450778;3400934507786;INTEGRAL TOP 200;1;1;1;DOLIPRANE 500MG GELU BT16;0,88;0,021;;;;1;99999;0,00
3015849;3400930158494;INTEGRAL TOP 200;1;1;1;COSTEC 20+5MG/ML COLLY FL10ML1;12,13;0,021;;;;1;99999;0,00
3295510;3400932955107;INTEGRAL TOP 200;1;1;1;LOXEN LP 50MG GELU BT60;9,98;0,021;;;;1;99999;0,00
3480986;3400934809866;INTEGRAL TOP 200;1;1;1;DOLIPRANE 200MG SUP BT10;1,03;0,021;;;;1;99999;0,00
3003792;3400930037928;INTEGRAL TOP 200;1;1;1;ENTRESTO 97MG/103MG CPR BT56;98,15;0,021;;;;1;99999;0,00
3031116;3400930311165;INTEGRAL TOP 200;1;1;1;COLCHICINE MYS 1MG CPR BT30;3,06;0,021;;;;1;99999;0,00
7800001;3664478000015;INTEGRAL TOP 200;1;1;1;HYLO LIPID COLLYRE FL3ML1;7,62;0,200;;;;1;99999;0,00
3057302;3400930573020;INTEGRAL TOP 200;1;1;1;LAROXYL 25MG CPR BT60;2,89;0,021;;;;1;99999;0,00
3006618;3400930066188;INTEGRAL TOP 200;1;1;1;LEVOTHYROX 150MCG CPR BT30 EXC;2,32;0,021;;;;1;99999;0,00
3207026;3400932070268;INTEGRAL TOP 200;1;1;1;FLAMMAZINE CR TB50G;2,83;0,021;;;;1;99999;0,00
3015804;3400930158043;INTEGRAL TOP 200;1;1;1;LEVOTHYROX 112MCG CPR BT30;1,77;0,021;;;;1;99999;0,00
3641662;3400936416628;INTEGRAL TOP 200;1;1;1;SEPTIVON 1,5% CUTA FL250ML;1,72;0,021;;;;1;99999;0,00
3768902;3400937689021;INTEGRAL TOP 200;1;1;1;LACRIFLUID 0,13% CY UNIDOS 60;4,81;0,021;;;;1;99999;0,00
3039698;3400930396988;INTEGRAL TOP 200;1;1;1;FERROSTRANE ENF/AD SIR F125ML1;2,01;0,021;;;;1;99999;0,00
3027121;3400930271216;INTEGRAL TOP 200;1;1;1;DIPROSALIC LOT FL30ML;2,25;0,021;;;;1;99999;0,00
3025251;3400930252512;INTEGRAL TOP 200;1;1;1;NEFOPAM PANP 30MG CPR PEL BT30;8,84;0,021;;;;1;99999;0,00
3113644;3400931136446;INTEGRAL TOP 200;1;1;1;VIT B12 GERDA 250MCG CPR FL24;5,50;0,100;;;;1;99999;0,00
2761996;3400927619960;INTEGRAL TOP 200;1;1;1;RELVAR ELLIPTA 92/22MCG 30DOSX1;25,05;0,021;;;;1;99999;0,00
3010861;3400930108611;INTEGRAL TOP 200;1;1;1;BETADINE SCRUB SOL FP125ML;1,33;0,021;;;;1;99999;0,00
3480911;3400934809118;INTEGRAL TOP 200;1;1;1;DOLIPRANE 100MG SUP BT10;1,03;0,021;;;;1;99999;0,00
3014595;3400930145951;INTEGRAL TOP 200;1;1;1;LEVOFREE 0,05% COLLY FL5ML 1;4,64;0,021;;;;1;99999;0,00
3204654;3400932046546;INTEGRAL TOP 200;1;1;1;CYTEAL SOL MOUSS FP250ML;2,21;0,021;;;;1;99999;0,00
3024059;3400930240595;INTEGRAL TOP 200;1;1;1;RYALTRIS 25MCG/600MCG/DOS F30ML1;8,98;0,021;;;;1;99999;0,00
3339756;3400933397562;INTEGRAL TOP 200;1;1;1;KEAL 1G SUSP BUV SACH5ML 30;7,89;0,100;;;;1;99999;0,00
3027120;3400930271209;INTEGRAL TOP 200;1;1;1;DIPROSONE 0,05% LOT FL30ML;2,41;0,021;;;;1;99999;0,00
4925031;3400949250318;INTEGRAL TOP 200;1;1;1;ZALERG 0,25MG/ML COLLY FL5ML;4,24;0,021;;;;1;99999;0,00
3025863;3400930258637;INTEGRAL TOP 200;1;1;1;WEGOVY 0,5MG FLEX INJ STYLO SC 1;131,21;0,021;;;;1;99999;0,00
4194567;3400941945670;INTEGRAL TOP 200;1;1;1;ELIQUIS 2,5MG CPR BT60;52,41;0,021;;;;1;99999;0,00
3007978;3400930079782;INTEGRAL TOP 200;1;1;1;VAXELIS INJ SRG0,5ML 1 +1AIG;28,38;0,021;;;;1;99999;0,00
3149978;3400931499787;INTEGRAL TOP 200;1;1;1;BETADINE 10% SOL LOC FL125ML;1,48;0,021;;;;1;99999;0,00
3002411;3400930024119;INTEGRAL TOP 200;1;1;1;SOOLANTRA 10MG/G CR TB30G 1;25,82;0,100;;;;1;99999;0,00
2675268;3400926752682;INTEGRAL TOP 200;1;1;1;OPTIDRIL 30MCG/150MCG CPR 28X3;3,23;0,021;;;;1;99999;0,00
3065253;3400930652534;INTEGRAL TOP 200;1;1;1;MAXIDROL COLLY FL3ML;1,48;0,021;;;;1;99999;0,00
3588755;3400935887559;INTEGRAL TOP 200;1;1;1;SERESTA 10MG CPR BT30;0,96;0,021;;;;1;99999;0,00
3031324;3400930313244;INTEGRAL TOP 200;1;1;1;ASARED 75MG CPR BT30;1,36;0,021;;;;1;99999;0,00
3004007;3400930040072;INTEGRAL TOP 200;1;1;1;ABASAGLAR 100U STY(1-80U) 3ML5;30,00;0,021;;;;1;99999;0,00
3516690;3400935166906;INTEGRAL TOP 200;1;1;1;ENGERIX B 20MCG SRG.BACK.1ML 1;13,96;0,021;;;;1;99999;0,00
3263711;3400932637119;INTEGRAL TOP 200;1;1;1;RHINOFLUIMUCIL NAS FL NEB 10ML;4,66;0,100;;;;1;99999;0,00
3032215;3400930322154;INTEGRAL TOP 200;1;1;1;OZEMPIC 0,5MG INJ STYLO3ML 1;68,25;0,021;;;;1;99999;0,00
3248781;3400932487813;INTEGRAL TOP 200;1;1;1;HAVLANE CPR BT20;2,00;0,021;;;;1;99999;0,00
3442997;3400934429972;INTEGRAL TOP 200;1;1;1;TOBRADEX COLLY FL5ML;1,90;0,021;;;;1;99999;0,00
3301802;3400933018023;INTEGRAL TOP 200;1;1;1;DEPAKINE CHRONO 500MG CPR TB30;5,96;0,021;;;;1;99999;0,00
3274850;3400932748501;INTEGRAL TOP 200;1;1;1;AMYCOR 1% CR LOC TB15G;2,71;0,021;;;;1;99999;0,00
3649793;3400936497931;INTEGRAL TOP 200;1;1;1;VOGALENE 5MG SUP SECAB BT10;1,12;0,021;;;;1;99999;0,00
3063219;3400930632192;INTEGRAL TOP 200;1;1;1;LUMIRELAX 500MG CPR BT20;7,42;0,100;;;;1;99999;0,00
3707102;3400937071024;INTEGRAL TOP 200;1;1;1;RINOCLENIL 100MCG NAS PULV120D.;4,70;0,021;;;;1;99999;0,00
3614790001054;3614790001054;INTEGRAL TOP 200;1;1;1;NEREYA COLLY 0,24% FL10ML;6,21;0,200;;;;1;99999;0,00
3285552;3400932855520;INTEGRAL TOP 200;1;1;1;EXACYL 500MG CPR PELLIC BT20;2,34;0,021;;;;1;99999;0,00
3278173;3400932781737;INTEGRAL TOP 200;1;1;1;LOXEN 20MG CPR BT30;3,21;0,021;;;;1;99999;0,00
3636684;3400936366848;INTEGRAL TOP 200;1;1;1;MONOSEPT COLLY DOS 30;2,46;0,021;;;;1;99999;0,00
3239948;3400932399482;INTEGRAL TOP 200;1;1;1;SURGAM 200MG CPR BT15;1,69;0,021;;;;1;99999;0,00
3481017;3400934810176;INTEGRAL TOP 200;1;1;1;DOLIPRANE 300MG SUP BT10;1,03;0,021;;;;1;99999;0,00
6025385;3662042003615;INTEGRAL TOP 200;1;1;1;BLEPHACLEAN COMP STER PAUP 20;8,93;0,200;;;;1;99999;0,00
3222379;3400932223794;INTEGRAL TOP 200;1;1;1;NERISONE CR TB30G;1,93;0,021;;;;1;99999;0,00
3413613;3400934136139;INTEGRAL TOP 200;1;1;1;XOLAAM CPR CROQ BT40;1,50;0,021;;;;1;99999;0,00
3691849;3400936918498;INTEGRAL TOP 200;1;1;1;DIASEPTYL 0,5% SOL PULV 125ML;2,35;0,021;;;;1;99999;0,00
2795647;3400927956478;INTEGRAL TOP 200;1;1;1;DULCILARMES 1,5% COLLY DOS 60;4,81;0,021;;;;1;99999;0,00
3012144;3400930121443;INTEGRAL TOP 200;1;1;1;LEVOTHYROX 125MCG CPR BT90 EXC;5,64;0,021;;;;1;99999;0,00
