CIP7;CIP13;EAN;Libellé;Prix HT Catalogue;Prix HT Remisé;Gabarit;Mini de commande;Gamme;Sous Gamme;Seuil n° 1;Prix HT remisé 1;Seuil n° 2;Prix HT remisé 2;Seuil n° 3;Prix HT remisé 3
3474419;3400934744198;;KARDEGIC 75MG PDR SACH 30;1,47;1,29;;;INTEGRAL TOP 300;Petits prix;;;;;;
4960553;3400949605538;;IZALGI 500MG/25MG GELU BT16;1,43;1,25;;;INTEGRAL TOP 300;Petits prix;;;;;;
3200509;3400932005093;;DIPROSTENE INJ SERING1ML 1;3,89;3,71;;;INTEGRAL TOP 300;Petits prix;;;;;;
6223413;;3662042005664;THEALOSE SOL OPHT FL 15ML T;8,34;8,34;;;INTEGRAL TOP 300;Non remboursés;;;;;;
3324737;3400933247379;;KARDEGIC 160MG PDR SACH 30;1,47;1,29;;;INTEGRAL TOP 300;Petits prix;;;;;;
3515495;3400935154958;;LAMALINE GELU BT16;1,28;1,10;;;INTEGRAL TOP 300;Petits prix;;;;;;
3098608;3400930986080;;SPASFON CPR BT30;1,93;1,75;;;INTEGRAL TOP 300;Petits prix;;;;;;
3029291;3400930292914;;MOUNJARO 5MG INJ STYLO KWIKPEN 1;221,32;212,74;;;INTEGRAL TOP 300;Coeur de gamme;;;;;;
2238562;3400922385624;;HELICIDINE 10% S/S SIR FP250ML;2,52;2,34;;;INTEGRAL TOP 300;Petits prix;;;;;;
3290599;3400932905997;;DIFFU-K 600MG GELU BT40;1,79;1,61;;;INTEGRAL TOP 300;Petits prix;;;;;;
3029290;3400930292907;;MOUNJARO 2,5MG INJ STYLO KWIKPEN 1;163,70;157,36;;;INTEGRAL TOP 300;Coeur de gamme;;;;;;
3443873;3400934438738;;VENTOLINE 100MCG INH FL200DOS 1;3,24;3,06;;;INTEGRAL TOP 300;Petits prix;;;;;;
6042767;;4028694001468;VISMED MULTI GTT LUBR FL15ML T;8,60;8,60;;;INTEGRAL TOP 300;Non remboursés;;;;;;
4066958;;3401040669580;HYLO CONFORT+COLLY HYD F10ML T;7,02;7,02;;;INTEGRAL TOP 300;Non remboursés;;;;;;
3216290;3400932162901;;SKIACOL 0,5% COLLY FL0,5ML;7,11;7,11;;;INTEGRAL TOP 300;Non remboursés;;;;;;
3005620;3400930056202;;GARDASIL 9 INJ SRG0,5ML 1+2AIG;107,56;103,40;;;INTEGRAL TOP 300;Coeur de gamme;;;;;;
3138414;3400931384144;;STERDEX POM OPHT UNIDOS 12;1,91;1,73;;;INTEGRAL TOP 300;Petits prix;;;;;;
3130737;3400931307372;;NORMACOL LAVEMENT AD. D.130ML;1,41;1,23;;;INTEGRAL TOP 300;Petits prix;;;;;;
3552898;3400935528988;;IBUFETUM 5% GEL TB60G;1,79;1,61;;;INTEGRAL TOP 300;Petits prix;;;;;;
2686303;3400926863036;;BEXSERO INJ SRG0,5ML 1 +AIG;73,34;70,51;;;INTEGRAL TOP 300;Coeur de gamme;;;;;;
3267672;3400932676729;;ANTADYS 100MG CPR BT15;2,22;2,04;;;INTEGRAL TOP 300;Petits prix;;;;;;
3034844;3400930348444;;EDUCTYL AD. SUP EFFV BT12;1,47;1,29;;;INTEGRAL TOP 300;Petits prix;;;;;;
3186301;3400931863014;;SPASFON LYOC 80MG LYOT ORAL 10;1,30;1,12;;;INTEGRAL TOP 300;Petits prix;;;;;;
3019275;3400930192757;;SLINDA 4MG CPR PELLIC BT28X3;26,16;26,16;;;INTEGRAL TOP 300;Non remboursés;;;;;;
3309525;3400933095253;;GAVISCON BUV SUSP SACH10ML 24;3,60;3,42;;;INTEGRAL TOP 300;Petits prix;;;;;;
3171050;3400931710509;;VIT B12 DEL.1000MCG INJ A.2ML 6;2,32;2,14;;;INTEGRAL TOP 300;Petits prix;;;;;;
3535836;3400935358363;;ZYMAD 10000UI/ML BUV GTT 10ML;1,71;1,53;;;INTEGRAL TOP 300;Petits prix;;;;;;
3479670;3400934796708;;DACUDOSES OPHT UNIDOS10ML 24;2,28;2,10;;;INTEGRAL TOP 300;Petits prix;;;;;;
3234017;3400932340170;;FLUVERMAL CPR BT6;2,20;2,02;;;INTEGRAL TOP 300;Petits prix;;;;;;
3014186;3400930141861;;SHINGRIX INJ FL+FL 1;175,18;168,39;;;INTEGRAL TOP 300;Coeur de gamme;;;;;;
3006555;3400930065556;;LEVOTHYROX 25MCG CPR BT30 EXC;0,68;0,50;;;INTEGRAL TOP 300;Petits prix;;;;;;
3030312;3400930303122;;EYLEA 114,3MG/ML INJ SRG 1;366,23;352,02;;;INTEGRAL TOP 300;Coeur de gamme;;;;;;
3006578;3400930065785;;LEVOTHYROX 75MCG CPR BT30 EXC;1,41;1,23;;;INTEGRAL TOP 300;Petits prix;;;;;;
3625137;3400936251373;;SPIFEN 400MG CPR BT20;1,74;1,56;;;INTEGRAL TOP 300;Petits prix;;;;;;
3002858;3400930028582;;REPATHA 140MG INJ STYLO1ML 1;171,07;164,44;;;INTEGRAL TOP 300;Coeur de gamme;;;;;;
3778421;3400937784214;;FLECTOR 1% GEL FL100G;2,42;2,24;;;INTEGRAL TOP 300;Petits prix;;;;;;
6006071;;3401060060718;OPTIVE  FUSION COLLYRE FL 10 ML;5,61;5,61;;;INTEGRAL TOP 300;Non remboursés;;;;;;
2673826;3400926738266;;MONOPROST 50MCG/ML COLLY DOS30;7,62;7,33;;;INTEGRAL TOP 300;Coeur de gamme;;;;;;
3461546;3400934615467;;DOLIPRANE 2,4% BUV FV100ML 1;1,26;1,08;;;INTEGRAL TOP 300;Petits prix;;;;;;
2225720;3400922257204;;ELUDRILPERIO BAIN BCHE FL200ML;2,20;2,02;;;INTEGRAL TOP 300;Petits prix;;;;;;
3006566;3400930065662;;LEVOTHYROX 50MCG CPR BT30 EXC;1,03;0,85;;;INTEGRAL TOP 300;Petits prix;;;;;;
3325406;3400933254063;;METEOSPASMYL CAPS BT20;2,36;2,18;;;INTEGRAL TOP 300;Petits prix;;;;;;
3006589;3400930065891;;LEVOTHYROX 100MCG CPR BT30 EXC;1,77;1,59;;;INTEGRAL TOP 300;Petits prix;;;;;;
9000008;;3664490000086;NEOVIS TOT MULTI GTT FL15ML T;8,60;8,60;;;INTEGRAL TOP 300;Non remboursés;;;;;;
3244079;3400932440795;;FLUVERMAL 2% BUV FL30ML;2,43;2,25;;;INTEGRAL TOP 300;Petits prix;;;;;;
6223558;;4028694001413;VISMED GEL MULTI GTT LUBR FL15ML (NEW);8,60;8,60;;;INTEGRAL TOP 300;Non remboursés;;;;;;
3029293;3400930292938;;MOUNJARO 7,5MG INJ STYLO KWIKPEN 1;313,27;301,11;;;INTEGRAL TOP 300;Coeur de gamme;;;;;;
3192750;3400931927501;;STAGID 700MG CPR BT30;1,94;1,76;;;INTEGRAL TOP 300;Petits prix;;;;;;
3535606;3400935356062;;DERINOX SOL NAS FL15ML +POMP;4,43;4,43;;;INTEGRAL TOP 300;Non remboursés;;;;;;
3024437;3400930244371;;VAXNEUVANCE;45,12;43,39;;;INTEGRAL TOP 300;Coeur de gamme;;;;;;
3293534;3400932935345;;CLARADOL 500MG CAFEINE CPR 16;1,33;1,15;;;INTEGRAL TOP 300;Petits prix;;;;;;
3464668;3400934646683;;INDOCOLLYRE 0,1% COLLY DOS 20;2,68;2,50;;;INTEGRAL TOP 300;Petits prix;;;;;;
3066933;3400930669334;;METEOXANE GELU BT60;2,90;2,72;;;INTEGRAL TOP 300;Petits prix;;;;;;
3687374;3400936873742;;REPEVAX INJ SRG 1 S/A+1;19,92;19,17;;;INTEGRAL TOP 300;Coeur de gamme;;;;;;
3820382;3400938203820;;AZYTER COLLY UNIDOS 6;4,30;4,12;;;INTEGRAL TOP 300;Petits prix;;;;;;
3351800;3400933518004;;TARDYFERON 80MG CPR BT30;2,45;2,27;;;INTEGRAL TOP 300;Petits prix;;;;;;
2225393;3400922253930;;NIMENRIX INJ FL+SRG 1 A/2AIG;36,18;34,80;;;INTEGRAL TOP 300;Coeur de gamme;;;;;;
3000376;3400930003763;;TRULICITY 1,5MG INJ STY0,5ML 4;74,28;71,42;;;INTEGRAL TOP 300;Coeur de gamme;;;;;;
3015110;3400930151105;;OZEMPIC 1MG INJ STYLO3ML 1;70,99;68,25;;;INTEGRAL TOP 300;Coeur de gamme;;;;;;
3012140;3400930121405;;LEVOTHYROX 75MCG CPR BT90 EXC;3,63;3,45;;;INTEGRAL TOP 300;Petits prix;;;;;;
3218969;3400932189694;;LOCOID 0,1% CR TB30G;2,35;2,17;;;INTEGRAL TOP 300;Petits prix;;;;;;
3595583;3400935955838;;DOLIPRANE 1000MG CPR BT8;1,06;0,88;;;INTEGRAL TOP 300;Petits prix;;;;;;
3113638;3400931136385;;VIT B12 GERDA 1000MCG AMP4ML 6;2,32;2,14;;;INTEGRAL TOP 300;Petits prix;;;;;;
3189363;3400931893639;;ASPEGIC BB. 100MG BUV SACH 20;1,35;1,17;;;INTEGRAL TOP 300;Petits prix;;;;;;
3025862;3400930258620;;WEGOVY 0,25MG FLEX INJ STYLO SC 1;136,50;131,21;;;INTEGRAL TOP 300;Coeur de gamme;;;;;;
3192253;3400931922537;;PANOTILE GTT AURIC FL8ML;1,60;1,42;;;INTEGRAL TOP 300;Petits prix;;;;;;
3006568;3400930065686;;LEVOTHYROX 50MCG CPR BT90 EXC;2,49;2,31;;;INTEGRAL TOP 300;Petits prix;;;;;;
3023000;3400930230008;;ASPIRINE PROTECT 100MG CPR 30;1,68;1,50;;;INTEGRAL TOP 300;Petits prix;;;;;;
3233153;3400932331536;;DOLIPRANE 500MG PDR SACH 12;1,06;0,88;;;INTEGRAL TOP 300;Petits prix;;;;;;
3174284;3400931742845;;LEXOMIL 6MG CPR TB30;1,53;1,35;;;INTEGRAL TOP 300;Petits prix;;;;;;
6311785;;3614790000712;ELIXYA SOL OPHT HYD FL 10ML T;6,21;6,21;;;INTEGRAL TOP 300;Non remboursés;;;;;;
3006601;3400930066010;;LEVOTHYROX 125MCG CPR BT30 EXC;2,13;1,95;;;INTEGRAL TOP 300;Petits prix;;;;;;
3707125;3400937071253;;RHINOMAXIL 100MCG NAS PULV120D.;5,10;4,90;;;INTEGRAL TOP 300;Coeur de gamme;;;;;;
3158575;3400931585756;;TRIDESONIT 0,05% CR TB30G;1,69;1,51;;;INTEGRAL TOP 300;Petits prix;;;;;;
3041867;3400930418673;;FUNGIZONE 10% BUV FL40ML;4,41;4,23;;;INTEGRAL TOP 300;Coeur de gamme;;;;;;
4153396;3400941533969;;DOLIPRANE 1000MG GELU BT8;1,06;0,88;;;INTEGRAL TOP 300;Petits prix;;;;;;
3624698;3400936246980;;DOLIPRANE 1000MG BUV SACH 8;1,06;0,88;;;INTEGRAL TOP 300;Petits prix;;;;;;
3026454;3400930264546;;COUMADINE 2MG CPR BT20;1,41;1,23;;;INTEGRAL TOP 300;Petits prix;;;;;;
3025866;3400930258668;;WEGOVY 2,4MG FLEX INJ STYLO SC 1;181,48;174,45;;;INTEGRAL TOP 300;Coeur de gamme;;;;;;
4168624;3400941686245;;SPASFON LYOC 160MG LYOT ORAL 5;1,30;1,12;;;INTEGRAL TOP 300;Petits prix;;;;;;
3025864;3400930258644;;WEGOVY 1MG FLEX INJ STYLO SC 1;136,50;131,21;;;INTEGRAL TOP 300;Coeur de gamme;;;;;;
3513734;3400935137340;;PRIORIX INJ FL+SRG 1 +2AIG;11,84;11,40;;;INTEGRAL TOP 300;Coeur de gamme;;;;;;
3391308;3400933913083;;ESTREVA GEL FL-DOS 50G;4,64;4,46;;;INTEGRAL TOP 300;Coeur de gamme;;;;;;
3747768;3400937477680;;DEXAFREE 1MG/ML COLLY DOS 30;3,87;3,69;;;INTEGRAL TOP 300;Petits prix;;;;;;
3279066;3400932790661;;OTIPAX SOL INSTIL AUR FV16G+CG;1,70;1,52;;;INTEGRAL TOP 300;Petits prix;;;;;;
3021645;3400930216453;;TRULICITY 3MG INJ STY0,5ML 4;74,28;71,42;;;INTEGRAL TOP 300;Coeur de gamme;;;;;;
3029294;3400930292945;;MOUNJARO 10MG INJ STYLO KWIKPEN 1;313,27;301,11;;;INTEGRAL TOP 300;Coeur de gamme;;;;;;
3135858;3400931358589;;PYOSTACINE 500MG CPR BT16;16,56;15,92;;;INTEGRAL TOP 300;Coeur de gamme;;;;;;
3264550;3400932645503;;TOCO 500MG CAPS MOL BT30;2,43;2,25;;;INTEGRAL TOP 300;Petits prix;;;;;;
3023497;3400930234976;;UVEDOSE 50000UI CAPS MOL BT2;1,96;1,78;;;INTEGRAL TOP 300;Petits prix;;;;;;
3499945;3400934999451;;DOLIPRANE 300MG PDR SACH 12;1,30;1,12;;;INTEGRAL TOP 300;Petits prix;;;;;;
3105283;3400931052838;;THERALENE 5MG CPR PELLIC BT50;1,67;1,49;;;INTEGRAL TOP 300;Petits prix;;;;;;
3118794;3400931187943;;FEROGRAD VIT C 500 CPR BT30;2,10;1,92;;;INTEGRAL TOP 300;Petits prix;;;;;;
3006557;3400930065570;;LEVOTHYROX 25MCG CPR BT90 EXC;1,44;1,26;;;INTEGRAL TOP 300;Petits prix;;;;;;
3228577;3400932285778;;STRESAM GELU BT60;6,98;6,98;;;INTEGRAL TOP 300;Coeur de gamme;;;;;;
4066912;;3401040669122;HYLO CONFORT COLLY HYD F10ML T;7,02;7,02;;;INTEGRAL TOP 300;Non remboursés;;;;;;
3008456;3400930084564;;ATURGYL 0,05% NAS FL15ML;1,31;1,13;;;INTEGRAL TOP 300;Petits prix;;;;;;
2217904;3400922179049;;OPTILOVA 20MCG/100MCG CPR 28X3;3,41;3,23;;;INTEGRAL TOP 300;Petits prix;;;;;;
3020488;3400930204887;;KLIPAL 600MG/50MG CPR BT12;1,56;1,38;;;INTEGRAL TOP 300;Petits prix;;;;;;
3021648;3400930216484;;TRULICITY 4,5MG INJ STY0,5ML 4;74,28;71,42;;;INTEGRAL TOP 300;Coeur de gamme;;;;;;
3570614;3400935706140;;TIMOFEROL GELU BT30;1,60;1,42;;;INTEGRAL TOP 300;Petits prix;;;;;;
3026024;3400930260241;;WEGOVY 1,7MG FLEX INJ STYLO SC 1;157,37;151,27;;;INTEGRAL TOP 300;Coeur de gamme;;;;;;
3529422;3400935294227;;DOLIPRANE 1000MG CPR EFFV TB8;1,06;0,88;;;INTEGRAL TOP 300;Petits prix;;;;;;
3189819;3400931898191;;ASPEGIC AD. 1000MG BUV SACH 20;2,41;2,23;;;INTEGRAL TOP 300;Petits prix;;;;;;
3192767;3400931927679;;STAGID 700MG CPR BT100;5,12;4,92;;;INTEGRAL TOP 300;Coeur de gamme;;;;;;
3348413;3400933484132;;PREVISCAN 20MG CPR BT30;1,94;1,76;;;INTEGRAL TOP 300;Petits prix;;;;;;
3422397;3400934223976;;XYLOCAINE 10MG/ML S/C FL20ML 1;1,43;1,25;;;INTEGRAL TOP 300;Petits prix;;;;;;
2735007;3400927350078;;HEXYON INJ SRG0,5ML 1 + 1AIG;30,09;28,94;;;INTEGRAL TOP 300;Coeur de gamme;;;;;;
3480940;3400934809408;;DOLIPRANE 150MG SUP BT10;1,21;1,03;;;INTEGRAL TOP 300;Petits prix;;;;;;
3230829;3400932308293;;DIPROSONE 0,05% POM TB30G;2,59;2,41;;;INTEGRAL TOP 300;Petits prix;;;;;;
3446417;3400934464171;;PAROEX 0,12% BAIN BCHE F300ML;2,20;2,02;;;INTEGRAL TOP 300;Petits prix;;;;;;
3644146;3400936441460;;PLAQUENIL 200MG CPR PEL BT30;3,08;2,90;;;INTEGRAL TOP 300;Petits prix;;;;;;
3153342;3400931533429;;POLYDEXA SOL AURIC FL10,5ML;1,66;1,48;;;INTEGRAL TOP 300;Petits prix;;;;;;
2669210;3400926692100;;MELAXOSE PATE ORAL POT P150G+C;3,60;3,42;;;INTEGRAL TOP 300;Petits prix;;;;;;
3412594;3400934125942;;GYDRELLE 0,1% CR VAG TB30G;2,88;2,70;;;INTEGRAL TOP 300;Petits prix;;;;;;
3001667;3400930016671;;TOUJEO 300U SOLOSTAR STY1,5ML3;32,31;31,08;;;INTEGRAL TOP 300;Coeur de gamme;;;;;;
5437210;;3401554372105;SYSTANE BAL GTT OCUL LUB10ML T;8,52;8,52;;;INTEGRAL TOP 300;Non remboursés;;;;;;
3105308;3400931053088;;THERALENE 4% BUV GTT FL30ML;1,80;1,62;;;INTEGRAL TOP 300;Petits prix;;;;;;
3140500;3400931405009;;LEPTICUR 10MG CPR BT30;3,70;3,52;;;INTEGRAL TOP 300;Petits prix;;;;;;
2788676;3400927886768;;XIGDUO 5MG/1000MG CPR BT60;33,68;32,37;;;INTEGRAL TOP 300;Coeur de gamme;;;;;;
3419538;3400934195389;;INDOCOLLYRE 0,1% COLLY FL5ML;2,77;2,59;;;INTEGRAL TOP 300;Petits prix;;;;;;
3019529;3400930195291;;BAQSIMI 3MG PDR NAS UNIDOS  1;54,53;52,41;;;INTEGRAL TOP 300;Coeur de gamme;;;;;;
3403589;3400934035890;;ARTELAC 1,6MG/0,5ML CY DOS 60;5,00;4,81;;;INTEGRAL TOP 300;Coeur de gamme;;;;;;
2678410;3400926784102;;ELIQUIS 5MG CPR BT60;54,53;52,41;;;INTEGRAL TOP 300;Coeur de gamme;;;;;;
3023498;3400930234983;;UVEDOSE 50000UI CAPS MOL BT4;3,62;3,44;;;INTEGRAL TOP 300;Petits prix;;;;;;
3026231;3400930262313;;VITABACT 0,05% CY FL GTT10ML 1;3,91;3,91;;;INTEGRAL TOP 300;Non remboursés;;;;;;
3005328;3400930053287;;ANTIBIO-SYNALAR AURIC SOL 10ML;1,81;1,63;;;INTEGRAL TOP 300;Petits prix;;;;;;
3491240;3400934912405;;MONAZOL 2% CR TB15G;2,42;2,24;;;INTEGRAL TOP 300;Petits prix;;;;;;
3012142;3400930121429;;LEVOTHYROX 100MCG CPR BT90 EXC;4,72;4,53;;;INTEGRAL TOP 300;Coeur de gamme;;;;;;
3338461;3400933384616;;FLECTOR 1% GEL TB60G - NSFP;1,87;1,69;;;INTEGRAL TOP 300;Petits prix;;;;;;
3015793;3400930157930;;LEVOTHYROX 88MCG CPR BT30;1,59;1,41;;;INTEGRAL TOP 300;Petits prix;;;;;;
3219294;3400932192946;;DUPHASTON 10MG CPR BT10;2,49;2,31;;;INTEGRAL TOP 300;Petits prix;;;;;;
3232018;3400932320189;;DOLIPRANE 500MG CPR BT16;1,06;0,88;;;INTEGRAL TOP 300;Petits prix;;;;;;
3003791;3400930037911;;ENTRESTO 49MG/51MG CPR BT56;102,12;98,15;;;INTEGRAL TOP 300;Coeur de gamme;;;;;;
3442307;3400934423079;;ADRIGYL 10000UI/ML GTT FL10ML;1,50;1,32;;;INTEGRAL TOP 300;Petits prix;;;;;;
3162329;3400931623298;;COLPOTROPHINE CAPS VAG BT20;3,85;3,67;;;INTEGRAL TOP 300;Petits prix;;;;;;
3003790;3400930037904;;ENTRESTO 24MG/26MG CPR BT28;51,05;49,06;;;INTEGRAL TOP 300;Coeur de gamme;;;;;;
;;4028694001499;HYLOVIS MULTI GTT FL15ML 1;8,49;8,49;;;INTEGRAL TOP 300;Non remboursés;;;;;;
2685798;3400926857981;;TRESIBA 200U/ML INJ STYL.3ML 3;51,83;49,84;;;INTEGRAL TOP 300;Coeur de gamme;;;;;;
3024785;3400930247853;;PREVENAR 20 INJ SRG0,5ML+AIG 1;52,31;50,30;;;INTEGRAL TOP 300;Coeur de gamme;;;;;;
3677387;3400936773875;;BOOSTRIXTETRA INJ SRG0,5ML+A 1;19,92;19,17;;;INTEGRAL TOP 300;Coeur de gamme;;;;;;
3772298;3400937722988;;LANTUS 100U/ML INJ SOLO3ML 5;33,59;32,31;;;INTEGRAL TOP 300;Coeur de gamme;;;;;;
3450778;3400934507786;;DOLIPRANE 500MG GELU BT16;1,06;0,88;;;INTEGRAL TOP 300;Petits prix;;;;;;
3015849;3400930158494;;COSTEC 20+5MG/ML COLLY FL10ML1;12,62;12,13;;;INTEGRAL TOP 300;Coeur de gamme;;;;;;
3295510;3400932955107;;LOXEN LP 50MG GELU BT60;10,38;9,98;;;INTEGRAL TOP 300;Coeur de gamme;;;;;;
3480986;3400934809866;;DOLIPRANE 200MG SUP BT10;1,21;1,03;;;INTEGRAL TOP 300;Petits prix;;;;;;
3003792;3400930037928;;ENTRESTO 97MG/103MG CPR BT56;102,12;98,15;;;INTEGRAL TOP 300;Coeur de gamme;;;;;;
3031116;3400930311165;;COLCHICINE MYS 1MG CPR BT30;3,24;3,06;;;INTEGRAL TOP 300;Petits prix;;;;;;
7800001;;3664478000015;HYLO LIPID COLLYRE FL3ML1;7,62;7,62;;;INTEGRAL TOP 300;Non remboursés;;;;;;
3057302;3400930573020;;LAROXYL 25MG CPR BT60;3,07;2,89;;;INTEGRAL TOP 300;Petits prix;;;;;;
3006618;3400930066188;;LEVOTHYROX 150MCG CPR BT30 EXC;2,50;2,32;;;INTEGRAL TOP 300;Petits prix;;;;;;
3207026;3400932070268;;FLAMMAZINE CR TB50G;3,01;2,83;;;INTEGRAL TOP 300;Petits prix;;;;;;
3015804;3400930158043;;LEVOTHYROX 112MCG CPR BT30;1,95;1,77;;;INTEGRAL TOP 300;Petits prix;;;;;;
3641662;3400936416628;;SEPTIVON 1,5% CUTA FL250ML;1,90;1,72;;;INTEGRAL TOP 300;Petits prix;;;;;;
3768902;3400937689021;;LACRIFLUID 0,13% CY UNIDOS 60;5,00;4,81;;;INTEGRAL TOP 300;Coeur de gamme;;;;;;
3039698;3400930396988;;FERROSTRANE ENF/AD SIR F125ML1;2,19;2,01;;;INTEGRAL TOP 300;Petits prix;;;;;;
3027121;3400930271216;;DIPROSALIC LOT FL30ML;2,43;2,25;;;INTEGRAL TOP 300;Petits prix;;;;;;
3025251;3400930252512;;NEFOPAM PANP 30MG CPR PEL BT30;9,20;8,84;;;INTEGRAL TOP 300;Coeur de gamme;;;;;;
3113644;3400931136446;;VIT B12 GERDA 250MCG CPR FL24;5,50;5,50;;;INTEGRAL TOP 300;Non remboursés;;;;;;
2761996;3400927619960;;RELVAR ELLIPTA 92/22MCG 30DOSX1;26,06;25,05;;;INTEGRAL TOP 300;Coeur de gamme;;;;;;
3010861;3400930108611;;BETADINE SCRUB SOL FP125ML;1,51;1,33;;;INTEGRAL TOP 300;Petits prix;;;;;;
3480911;3400934809118;;DOLIPRANE 100MG SUP BT10;1,21;1,03;;;INTEGRAL TOP 300;Petits prix;;;;;;
3014595;3400930145951;;LEVOFREE 0,05% COLLY FL5ML 1;4,83;4,64;;;INTEGRAL TOP 300;Coeur de gamme;;;;;;
3204654;3400932046546;;CYTEAL SOL MOUSS FP250ML;2,39;2,21;;;INTEGRAL TOP 300;Petits prix;;;;;;
3024059;3400930240595;;RYALTRIS 25MCG/600MCG/DOS F30ML1;9,35;8,98;;;INTEGRAL TOP 300;Coeur de gamme;;;;;;
3339756;3400933397562;;KEAL 1G SUSP BUV SACH5ML 30;7,89;7,89;;;INTEGRAL TOP 300;Non remboursés;;;;;;
3027120;3400930271209;;DIPROSONE 0,05% LOT FL30ML;2,59;2,41;;;INTEGRAL TOP 300;Petits prix;;;;;;
4925031;3400949250318;;ZALERG 0,25MG/ML COLLY FL5ML;4,42;4,24;;;INTEGRAL TOP 300;Coeur de gamme;;;;;;
3025863;3400930258637;;WEGOVY 0,5MG FLEX INJ STYLO SC 1;136,50;131,21;;;INTEGRAL TOP 300;Coeur de gamme;;;;;;
4194567;3400941945670;;ELIQUIS 2,5MG CPR BT60;54,53;52,41;;;INTEGRAL TOP 300;Coeur de gamme;;;;;;
3007978;3400930079782;;VAXELIS INJ SRG0,5ML 1 +1AIG;29,50;28,38;;;INTEGRAL TOP 300;Coeur de gamme;;;;;;
3149978;3400931499787;;BETADINE 10% SOL LOC FL125ML;1,66;1,48;;;INTEGRAL TOP 300;Petits prix;;;;;;
3002411;3400930024119;;SOOLANTRA 10MG/G CR TB30G 1;25,82;25,82;;;INTEGRAL TOP 300;Non remboursés;;;;;;
2675268;3400926752682;;OPTIDRIL 30MCG/150MCG CPR 28X3;3,41;3,23;;;INTEGRAL TOP 300;Petits prix;;;;;;
3065253;3400930652534;;MAXIDROL COLLY FL3ML;1,66;1,48;;;INTEGRAL TOP 300;Petits prix;;;;;;
3588755;3400935887559;;SERESTA 10MG CPR BT30;1,14;0,96;;;INTEGRAL TOP 300;Petits prix;;;;;;
3031324;3400930313244;;ASARED 75MG CPR BT30;1,54;1,36;;;INTEGRAL TOP 300;Petits prix;;;;;;
3004007;3400930040072;;ABASAGLAR 100U STY(1-80U) 3ML5;31,19;30,00;;;INTEGRAL TOP 300;Biosimilaires;;;;;;
3516690;3400935166906;;ENGERIX B 20MCG SRG.BACK.1ML 1;14,50;13,96;;;INTEGRAL TOP 300;Coeur de gamme;;;;;;
3263711;3400932637119;;RHINOFLUIMUCIL NAS FL NEB 10ML;4,66;4,66;;;INTEGRAL TOP 300;Non remboursés;;;;;;
3032215;3400930322154;;OZEMPIC 0,5MG INJ STYLO3ML 1;70,99;68,25;;;INTEGRAL TOP 300;Coeur de gamme;;;;;;
3248781;3400932487813;;HAVLANE CPR BT20;2,18;2,00;;;INTEGRAL TOP 300;Petits prix;;;;;;
3442997;3400934429972;;TOBRADEX COLLY FL5ML;2,08;1,90;;;INTEGRAL TOP 300;Petits prix;;;;;;
3301802;3400933018023;;DEPAKINE CHRONO 500MG CPR TB30;6,20;5,96;;;INTEGRAL TOP 300;Coeur de gamme;;;;;;
3274850;3400932748501;;AMYCOR 1% CR LOC TB15G;2,89;2,71;;;INTEGRAL TOP 300;Petits prix;;;;;;
3649793;3400936497931;;VOGALENE 5MG SUP SECAB BT10;1,30;1,12;;;INTEGRAL TOP 300;Petits prix;;;;;;
3063219;3400930632192;;LUMIRELAX 500MG CPR BT20;7,42;7,42;;;INTEGRAL TOP 300;Non remboursés;;;;;;
3707102;3400937071024;;RINOCLENIL 100MCG NAS PULV120D.;4,89;4,70;;;INTEGRAL TOP 300;Coeur de gamme;;;;;;
;;3614790001054;NEREYA COLLY 0,24% FL10ML;6,21;6,21;;;INTEGRAL TOP 300;Non remboursés;;;;;;
3285552;3400932855520;;EXACYL 500MG CPR PELLIC BT20;2,52;2,34;;;INTEGRAL TOP 300;Petits prix;;;;;;
3278173;3400932781737;;LOXEN 20MG CPR BT30;3,39;3,21;;;INTEGRAL TOP 300;Petits prix;;;;;;
3636684;3400936366848;;MONOSEPT COLLY DOS 30;2,64;2,46;;;INTEGRAL TOP 300;Petits prix;;;;;;
3239948;3400932399482;;SURGAM 200MG CPR BT15;1,87;1,69;;;INTEGRAL TOP 300;Petits prix;;;;;;
3481017;3400934810176;;DOLIPRANE 300MG SUP BT10;1,21;1,03;;;INTEGRAL TOP 300;Petits prix;;;;;;
6025385;;3662042003615;BLEPHACLEAN COMP STER PAUP 20;8,93;8,93;;;INTEGRAL TOP 300;Non remboursés;;;;;;
3222379;3400932223794;;NERISONE CR TB30G;2,11;1,93;;;INTEGRAL TOP 300;Petits prix;;;;;;
3413613;3400934136139;;XOLAAM CPR CROQ BT40;1,68;1,50;;;INTEGRAL TOP 300;Petits prix;;;;;;
3691849;3400936918498;;DIASEPTYL 0,5% SOL PULV 125ML;2,53;2,35;;;INTEGRAL TOP 300;Petits prix;;;;;;
2795647;3400927956478;;DULCILARMES 1,5% COLLY DOS 60;5,00;4,81;;;INTEGRAL TOP 300;Coeur de gamme;;;;;;
3012144;3400930121443;;LEVOTHYROX 125MCG CPR BT90 EXC;5,87;5,64;;;INTEGRAL TOP 300;Coeur de gamme;;;;;;
3331677;3400933316778;;DAFALGAN CODEINE CPR EFFV TB16;1,56;1,38;;;INTEGRAL TOP 300;Petits prix;;;;;;
3051417;3400930514177;;HYDROCORTISONE RSL 10MG CPR 25;1,79;1,61;;;INTEGRAL TOP 300;Petits prix;;;;;;
3027029;3400930270295;;SULFARLEM S 25MG CPR BT90;3,72;3,72;;;INTEGRAL TOP 300;Non remboursés;;;;;;
3372848;3400933728489;;PREXIDINE 0,12% BAIN BCHE200ML;2,00;1,82;;;INTEGRAL TOP 300;Petits prix;;;;;;
3235086;3400932350865;;KAYEXALATE PDR BT454G;19,68;18,91;;;INTEGRAL TOP 300;Coeur de gamme;;;;;;
3741518;3400937415187;;CARDIOCALM CPR BT80;6,09;6,09;;;INTEGRAL TOP 300;Non remboursés;;;;;;
3001406;3400930014066;;RESITUNE 100MG CPR FL90;4,02;3,84;;;INTEGRAL TOP 300;Petits prix;;;;;;
3015109;3400930151099;;OZEMPIC 0,5MG INJ STYLO1,5ML 1 - RP 3032215;70,99;68,25;;;INTEGRAL TOP 300;Coeur de gamme;;;;;;
3015795;3400930157954;;LEVOTHYROX 88MCG CPR BT90;4,18;4,00;;;INTEGRAL TOP 300;Petits prix;;;;;;
3296449;3400932964499;;FURADANTINE 50MG GELU BT21;2,73;2,55;;;INTEGRAL TOP 300;Petits prix;;;;;;
3406435;3400934064357;;SPAGULAX MUCILAGE PUR GLE S.20;5,63;5,63;;;INTEGRAL TOP 300;Non remboursés;;;;;;
3565607;3400935656070;;AERIUS 5MG CPR BT30;3,13;2,95;;;INTEGRAL TOP 300;Petits prix;;;;;;
3372736;3400933727369;;TERALITHE LP 400MG CPR BT60;9,93;9,55;;;INTEGRAL TOP 300;Coeur de gamme;;;;;;
3030527;3400930305270;;DIAMOX 250MG CPR SECAB BT24;3,36;3,18;;;INTEGRAL TOP 300;Petits prix;;;;;;
3442402;3400934424021;;TRANSIPEG 5,9G BUV SACH 20;2,48;2,30;;;INTEGRAL TOP 300;Petits prix;;;;;;
3011979;3400930119792;;L-THYROXIN HNG 75MCG CPR BT100;4,00;3,82;;;INTEGRAL TOP 300;Petits prix;;;;;;
3051268;3400930512685;;HYDREA 500MG GELU BT20;3,30;3,12;;;INTEGRAL TOP 300;Petits prix;;;;;;
3001395;3400930013953;;RESITUNE 75MG CPR FL30;1,54;1,36;;;INTEGRAL TOP 300;Petits prix;;;;;;
3687463;3400936874633;;TETRAVAC-ACELLULAIRE SRG 1 S/S AIG+1 AIG SEP;11,94;11,50;;;INTEGRAL TOP 300;Coeur de gamme;;;;;;
3009564;3400930095645;;SOFTACORT 3,35MG/ML CY DOS 30;11,85;11,85;;;INTEGRAL TOP 300;Non remboursés;;;;;;
3832244;3400938322446;;AVAMYS 27,5MCG/PULV NAS 120DOS1;4,78;4,59;;;INTEGRAL TOP 300;Coeur de gamme;;;;;;
3171481;3400931714811;;VOGALENE 0,1% BUV FL150ML;2,28;2,10;;;INTEGRAL TOP 300;Petits prix;;;;;;
3095969;3400930959695;;SERESTA 50MG CPR SECAB BT20;1,71;1,53;;;INTEGRAL TOP 300;Petits prix;;;;;;
3432616;3400934326165;;MYDRIATICUM 2MG/0,4ML CY DOS 1;1,12;0,94;;;INTEGRAL TOP 300;Petits prix;;;;;;
3574693;3400935746931;;TEMESTA 1MG CPR BT30;0,94;0,76;;;INTEGRAL TOP 300;Petits prix;;;;;;
7631235;;3401076312351;IALUSET CR TRAIT ULCERE 100G T;5,87;5,87;;;INTEGRAL TOP 300;Non remboursés;;;;;;
3314526;3400933145262;;DAKIN CPF STABILISE LOC 250ML;2,40;2,22;;;INTEGRAL TOP 300;Petits prix;;;;;;
3490387;3400934903878;;CARBOSYMAG GELU+GELU BT48;4,28;4,10;;;INTEGRAL TOP 300;Petits prix;;;;;;
3247333;3400932473335;;BETNEVAL 0,1% CR TB30G;1,93;1,75;;;INTEGRAL TOP 300;Petits prix;;;;;;
3305421;3400933054212;;BISEPTINE SOL LOC FP250ML;1,80;1,62;;;INTEGRAL TOP 300;Petits prix;;;;;;
3057325;3400930573259;;LAROXYL 40MG/ML BUV FL20ML;2,85;2,67;;;INTEGRAL TOP 300;Petits prix;;;;;;
3015107;3400930151075;;OZEMPIC 0,25MG INJ STYLO1,5ML1;70,99;68,25;;;INTEGRAL TOP 300;Coeur de gamme;;;;;;
3902022;3400939020228;;ROTARIX BUV TB1,5ML 1;54,10;52,02;;;INTEGRAL TOP 300;Coeur de gamme;;;;;;
3851098;3400938510980;;HUMALOG 100UI/ML KWIKPEN 3ML 5;25,97;24,99;;;INTEGRAL TOP 300;Coeur de gamme;;;;;;
3000373;3400930003732;;TRULICITY 0,75MG INJ STY0,5ML4;74,28;71,42;;;INTEGRAL TOP 300;Coeur de gamme;;;;;;
3375367;3400933753672;;GAVISCON BB BUV SUSP FL150ML;2,27;2,09;;;INTEGRAL TOP 300;Petits prix;;;;;;
3207061;3400932070619;;DEPAMIDE 300MG CPR BT30;3,76;3,58;;;INTEGRAL TOP 300;Petits prix;;;;;;
3282565;3400932825653;;CUTACNYL 5% GEL LOC TB40G;1,93;1,75;;;INTEGRAL TOP 300;Petits prix;;;;;;
3383088;3400933830885;;CALCIDOSE D3 500MG/400U SACH60;4,81;4,62;;;INTEGRAL TOP 300;Coeur de gamme;;;;;;
3199410;3400931994107;;COLPOTROPHINE 1% CR TB30G;3,89;3,71;;;INTEGRAL TOP 300;Petits prix;;;;;;
2243971;3400922439716;;CILOXADEX 3MG/1MG/ML AURIC 5ML;2,53;2,35;;;INTEGRAL TOP 300;Petits prix;;;;;;
3051558;3400930515587;;HYDROCORTANCYL 2,5% INJ FL5ML;7,52;7,23;;;INTEGRAL TOP 300;Coeur de gamme;;;;;;
3228502;3400932285020;;GAVISCON BUV SUSP FV250ML;2,90;2,72;;;INTEGRAL TOP 300;Petits prix;;;;;;
3600901;3400936009011;;CARTEOL LP 2% COLLY UNIDOS 30;5,85;5,62;;;INTEGRAL TOP 300;Coeur de gamme;;;;;;
2802577;3400928025777;;TARDYFERON 50MG CPR BT30;1,55;1,37;;;INTEGRAL TOP 300;Petits prix;;;;;;
3377515;3400933775155;;HAVRIX 1440 AD. INJ SRG1ML 1;19,65;18,91;;;INTEGRAL TOP 300;Coeur de gamme;;;;;;
3521142;3400935211422;;TIORFAN 30MG ENF PDR SACH 30;5,61;5,39;;;INTEGRAL TOP 300;Coeur de gamme;;;;;;
3011980;3400930119808;;L-THYROXIN HNG 100MCG CPR BT100;5,24;5,04;;;INTEGRAL TOP 300;Coeur de gamme;;;;;;
3359049;3400933590499;;GLUCAGEN KIT 1MG INJ FL+SRG 1;16,95;16,31;;;INTEGRAL TOP 300;Coeur de gamme;;;;;;
3028884;3400930288849;;DELIPROCT SUP BT6;6,61;6,61;;;INTEGRAL TOP 300;Non remboursés;;;;;;
3205441;3400932054411;;VOGALENE 15MG GELU BT20;3,35;3,17;;;INTEGRAL TOP 300;Petits prix;;;;;;
3057319;3400930573198;;LAROXYL 50MG CPR BT20;2,40;2,22;;;INTEGRAL TOP 300;Petits prix;;;;;;
3008316;3400930083161;;FIASP FLEXTOUCH 100U/ML STYLO5;28,78;27,69;;;INTEGRAL TOP 300;Coeur de gamme;;;;;;
3327782;3400933277826;;KALEORID LP 1000MG CPR BT30;1,87;1,69;;;INTEGRAL TOP 300;Petits prix;;;;;;
2110431;;3401321104311;BD A MICROF ULTRA PRO 4MM STYL100 T - RP 03830;8,58;8,58;;;INTEGRAL TOP 300;Non remboursés;;;;;;
3552740;3400935527400;;NOVORAPID FLEXPEN STYLO3ML 5;20,39;19,62;;;INTEGRAL TOP 300;Coeur de gamme;;;;;;
3139543;3400931395430;;DELIPROCT POM RECT TB30G;14,58;14,58;;;INTEGRAL TOP 300;Non remboursés;;;;;;
3137633;3400931376330;;TERALITHE 250MG CPR BT100;11,29;10,85;;;INTEGRAL TOP 300;Coeur de gamme;;;;;;
5433102;;3760054331020;HYLOVIS LIPO EMUL OCUL 15ML T;8,49;8,49;;;INTEGRAL TOP 300;Non remboursés;;;;;;
3348904;3400933489045;;HEMIGOXINE NAT 0,125MG CPR 30;1,78;1,60;;;INTEGRAL TOP 300;Petits prix;;;;;;
3909490;3400939094908;;QLAIRA CPR BT28 X3;27,99;27,99;;;INTEGRAL TOP 300;Non remboursés;;;;;;
3636661;3400936366619;;OKIMUS CPR BT40;5,23;5,23;;;INTEGRAL TOP 300;Non remboursés;;;;;;
3353153;3400933531539;;ASPIRINE UPSA 1000MG C.EFFV 20;2,20;2,02;;;INTEGRAL TOP 300;Petits prix;;;;;;
3820034;3400938200348;;TIORFANOR 175MG CPR BT12;4,14;3,96;;;INTEGRAL TOP 300;Petits prix;;;;;;
3298431;3400932984312;;TEGRETOL LP 400MG CPR BT30;3,23;3,05;;;INTEGRAL TOP 300;Petits prix;;;;;;
3182409;3400931824091;;MINIDRIL CPR 21 X3;3,41;3,23;;;INTEGRAL TOP 300;Petits prix;;;;;;
3293698;3400932936984;;NATISPRAY 0,15MG BUC FL200DOS;3,20;3,02;;;INTEGRAL TOP 300;Petits prix;;;;;;
3314874;3400933148744;;TEGRETOL LP 200MG CPR BT30;1,84;1,66;;;INTEGRAL TOP 300;Petits prix;;;;;;
3356358;3400933563585;;NAABAK 4,9% COLLY FL10ML;4,90;4,71;;;INTEGRAL TOP 300;Coeur de gamme;;;;;;
3649899;3400936498990;;NICOPASS 1,5MG S/S MENT PAST96;7,52;7,23;;;INTEGRAL TOP 300;Coeur de gamme;;;;;;
3675879;3400936758797;;PENTASA 2G GLE SACH 60;61,13;58,75;;;INTEGRAL TOP 300;Coeur de gamme;;;;;;
;;8032668873001;HYDRAMED NIGHT SENS POM OPHT5G FR;3,91;3,91;;;INTEGRAL TOP 300;Non remboursés;;;;;;
3006624;3400930066249;;LEVOTHYROX 175MCG CPR BT30 EXC;2,86;2,68;;;INTEGRAL TOP 300;Petits prix;;;;;;
3770135;3400937701358;;TRANXENE 10MG GELU BT30;2,11;1,93;;;INTEGRAL TOP 300;Petits prix;;;;;;
3525909;3400935259097;;NOVORAPID 100U/ML INJ FL10ML 1;11,78;11,35;;;INTEGRAL TOP 300;Coeur de gamme;;;;;;
3015807;3400930158074;;LEVOTHYROX 112MCG CPR BT90;5,28;5,08;;;INTEGRAL TOP 300;Coeur de gamme;;;;;;
3338308;3400933383084;;LOMEXIN 2% CR TB15G;1,77;1,59;;;INTEGRAL TOP 300;Petits prix;;;;;;
;;4028694001437;HYLOVIS MULTI GEL OCUL 15ML 1;8,49;8,49;;;INTEGRAL TOP 300;Non remboursés;;;;;;
3218946;3400932189465;;LOCOID 0,1% LOT FL30ML;2,35;2,17;;;INTEGRAL TOP 300;Petits prix;;;;;;
3412565;3400934125652;;DECAPEPTYL LP11,25MG F+A 1+NEC;244,00;234,51;;;INTEGRAL TOP 300;Coeur de gamme;;;;;;
3690991;3400936909915;;VIT B1-B6 BAYER CPR BT40;13,51;13,51;;;INTEGRAL TOP 300;Non remboursés;;;;;;
3020642;3400930206423;;CLOBETASOL SSP 500MCG SHA 125ML;8,66;8,32;;;INTEGRAL TOP 300;Coeur de gamme;;;;;;
3644092;3400936440920;;CACIT VIT D3 500 CPR TB60;4,81;4,62;;;INTEGRAL TOP 300;Coeur de gamme;;;;;;
3706829;3400937068291;;GELTIM LP 1MG/G GEL OPHT DOS30;5,85;5,62;;;INTEGRAL TOP 300;Coeur de gamme;;;;;;
3025042;3400930250426;;QUVIVIQ 50MG CPR BT30;52,61;50,56;;;INTEGRAL TOP 300;Coeur de gamme;;;;;;
2762010;3400927620102;;RELVAR ELLIPTA 184/22MCG30DOSX1;26,06;25,05;;;INTEGRAL TOP 300;Coeur de gamme;;;;;;
3001403;3400930014035;;RESITUNE 100MG CPR FL30;1,54;1,36;;;INTEGRAL TOP 300;Petits prix;;;;;;
3200805;3400932008056;;SINEMET 100MG/10MG CPR BT100;5,51;5,29;;;INTEGRAL TOP 300;Coeur de gamme;;;;;;
3029297;3400930292976;;MOUNJARO 15MG INJ STYLO KWIKPEN 1;404,83;389,11;;;INTEGRAL TOP 300;Coeur de gamme;;;;;;
3378348;3400933783488;;LOMEXIN 600MG CAPS VAG BT1;3,02;2,84;;;INTEGRAL TOP 300;Petits prix;;;;;;
3019225;3400930192252;;AURICULARUM AURIC FL+AMP 1;4,77;4,58;;;INTEGRAL TOP 300;Coeur de gamme;;;;;;
3527989;3400935279897;;DYNEXAN 2% PATE GGVL TB10G;3,20;3,02;;;INTEGRAL TOP 300;Petits prix;;;;;;
3678978;3400936789784;;EFFIZINC 15MG GELU BT60;6,12;5,88;;;INTEGRAL TOP 300;Coeur de gamme;;;;;;
3011977;3400930119778;;L-THYROXIN HNG 50MCG CPR BT100;2,73;2,55;;;INTEGRAL TOP 300;Petits prix;;;;;;
3001806;3400930018064;;SYNJARDY 5MG/1000MG CPR BT60DU;33,70;32,39;;;INTEGRAL TOP 300;Coeur de gamme;;;;;;
4232919;;3401042329192;OPTIVE GTT LUBR FL10ML T;5,61;5,61;;;INTEGRAL TOP 300;Non remboursés;;;;;;
3352113;3400933521134;;LACRIGEL GEL OPHT TB10G;2,70;2,52;;;INTEGRAL TOP 300;Petits prix;;;;;;
3593101;3400935931016;;LIPOSIC GEL OPHT TB10G 1;2,14;1,96;;;INTEGRAL TOP 300;Petits prix;;;;;;
3493670;3400934936708;;SOLUPRED 5MG CPR ORODISP BT30;2,14;1,96;;;INTEGRAL TOP 300;Petits prix;;;;;;
3369651;3400933696511;;LARMES ARTIF. MARTINET CY 10ML;1,23;1,05;;;INTEGRAL TOP 300;Petits prix;;;;;;
