CIP13;LIBELLE;PRIX NET HT;GAMME
3400934744198;KARDEGIC 75MG PDR SACH 30;1,29;INTEGRAL TOP 200
3400949605538;IZALGI 500MG/25MG GELU BT16;1,25;INTEGRAL TOP 200
3400932005093;DIPROSTENE INJ SERING1ML 1;3,71;INTEGRAL TOP 200
3662042005664;THEALOSE SOL OPHT FL 15ML T;8,34;INTEGRAL TOP 200
3400933247379;KARDEGIC 160MG PDR SACH 30;1,29;INTEGRAL TOP 200
3400935154958;LAMALINE GELU BT16;1,10;INTEGRAL TOP 200
3400930986080;SPASFON CPR BT30;1,75;INTEGRAL TOP 200
3400930292914;MOUNJARO 5MG INJ STYLO KWIKPEN 1;212,71;INTEGRAL TOP 200
3400922385624;HELICIDINE 10% S/S SIR FP250ML;2,34;INTEGRAL TOP 200
3400932905997;DIFFU-K 600MG GELU BT40;1,61;INTEGRAL TOP 200
3400930292907;MOUNJARO 2,5MG INJ STYLO KWIKPEN 1;157,33;INTEGRAL TOP 200
3400934438738;VENTOLINE 100MCG INH FL200DOS 1;3,06;INTEGRAL TOP 200
4028694001468;VISMED MULTI GTT LUBR FL15ML T;8,60;INTEGRAL TOP 200
3401040669580;HYLO CONFORT+COLLY HYD F10ML T;7,02;INTEGRAL TOP 200
3400932162901;SKIACOL 0,5% COLLY FL0,5ML;7,11;INTEGRAL TOP 200
3400930056202;GARDASIL 9 INJ SRG0,5ML 1+2AIG;103,38;INTEGRAL TOP 200
3400931384144;STERDEX POM OPHT UNIDOS 12;1,73;INTEGRAL TOP 200
3400931307372;NORMACOL LAVEMENT AD. D.130ML;1,23;INTEGRAL TOP 200
3400935528988;IBUFETUM 5% GEL TB60G;1,61;INTEGRAL TOP 200
3400926863036;BEXSERO INJ SRG0,5ML 1 +AIG;70,49;INTEGRAL TOP 200
3400932676729;ANTADYS 100MG CPR BT15;2,04;INTEGRAL TOP 200
3400930348444;EDUCTYL AD. SUP EFFV BT12;1,29;INTEGRAL TOP 200
3400931863014;SPASFON LYOC 80MG LYOT ORAL 10;1,12;INTEGRAL TOP 200
3400930192757;SLINDA 4MG CPR PELLIC BT28X3;26,16;INTEGRAL TOP 200
3400933095253;GAVISCON BUV SUSP SACH10ML 24;3,42;INTEGRAL TOP 200
3400931710509;VIT B12 DEL.1000MCG INJ A.2ML 6;2,14;INTEGRAL TOP 200
3400935358363;ZYMAD 10000UI/ML BUV GTT 10ML;1,53;INTEGRAL TOP 200
3400934796708;DACUDOSES OPHT UNIDOS10ML 24;2,10;INTEGRAL TOP 200
3400932340170;FLUVERMAL CPR BT6;2,02;INTEGRAL TOP 200
3400930141861;SHINGRIX INJ FL+FL 1;168,37;INTEGRAL TOP 200
3400930065556;LEVOTHYROX 25MCG CPR BT30 EXC;0,50;INTEGRAL TOP 200
3400930303122;EYLEA 114,3MG/ML INJ SRG 1;351,98;INTEGRAL TOP 200
3400930065785;LEVOTHYROX 75MCG CPR BT30 EXC;1,23;INTEGRAL TOP 200
3400936251373;SPIFEN 400MG CPR BT20;1,56;INTEGRAL TOP 200
3400930028582;REPATHA 140MG INJ STYLO1ML 1;164,42;INTEGRAL TOP 200
3400937784214;FLECTOR 1% GEL FL100G;2,24;INTEGRAL TOP 200
3401060060718;OPTIVE  FUSION COLLYRE FL 10 ML;5,61;INTEGRAL TOP 200
3400926738266;MONOPROST 50MCG/ML COLLY DOS30;7,32;INTEGRAL TOP 200
3400934615467;DOLIPRANE 2,4% BUV FV100ML 1;1,08;INTEGRAL TOP 200
3400922257204;ELUDRILPERIO BAIN BCHE FL200ML;2,02;INTEGRAL TOP 200
3400930065662;LEVOTHYROX 50MCG CPR BT30 EXC;0,85;INTEGRAL TOP 200
3400933254063;METEOSPASMYL CAPS BT20;2,18;INTEGRAL TOP 200
3400930065891;LEVOTHYROX 100MCG CPR BT30 EXC;1,59;INTEGRAL TOP 200
3664490000086;NEOVIS TOT MULTI GTT FL15ML T;8,60;INTEGRAL TOP 200
3400932440795;FLUVERMAL 2% BUV FL30ML;2,25;INTEGRAL TOP 200
4028694001413;VISMED GEL MULTI GTT LUBR FL15ML (NEW);8,60;INTEGRAL TOP 200
3400930292938;MOUNJARO 7,5MG INJ STYLO KWIKPEN 1;301,08;INTEGRAL TOP 200
3400931927501;STAGID 700MG CPR BT30;1,76;INTEGRAL TOP 200
3400935356062;DERINOX SOL NAS FL15ML +POMP;4,51;INTEGRAL TOP 200
3400930244371;VAXNEUVANCE;43,36;INTEGRAL TOP 200
3400932935345;CLARADOL 500MG CAFEINE CPR 16;1,15;INTEGRAL TOP 200
3400934646683;INDOCOLLYRE 0,1% COLLY DOS 20;2,50;INTEGRAL TOP 200
3400930669334;METEOXANE GELU BT60;2,72;INTEGRAL TOP 200
3400936873742;REPEVAX INJ SRG 1 S/A+1;19,15;INTEGRAL TOP 200
3400938203820;AZYTER COLLY UNIDOS 6;4,12;INTEGRAL TOP 200
3400933518004;TARDYFERON 80MG CPR BT30;2,27;INTEGRAL TOP 200
3400922253930;NIMENRIX INJ FL+SRG 1 A/2AIG;34,77;INTEGRAL TOP 200
3400930003763;TRULICITY 1,5MG INJ STY0,5ML 4;71,39;INTEGRAL TOP 200
3400930151105;OZEMPIC 1MG INJ STYLO3ML 1;68,23;INTEGRAL TOP 200
3400930121405;LEVOTHYROX 75MCG CPR BT90 EXC;3,45;INTEGRAL TOP 200
3400932189694;LOCOID 0,1% CR TB30G;2,17;INTEGRAL TOP 200
3400935955838;DOLIPRANE 1000MG CPR BT8;0,88;INTEGRAL TOP 200
3400931136385;VIT B12 GERDA 1000MCG AMP4ML 6;2,14;INTEGRAL TOP 200
3400931893639;ASPEGIC BB. 100MG BUV SACH 20;1,17;INTEGRAL TOP 200
3400930258620;WEGOVY 0,25MG FLEX INJ STYLO SC 1;131,19;INTEGRAL TOP 200
3400931922537;PANOTILE GTT AURIC FL8ML;1,42;INTEGRAL TOP 200
3400930065686;LEVOTHYROX 50MCG CPR BT90 EXC;2,31;INTEGRAL TOP 200
3400930230008;ASPIRINE PROTECT 100MG CPR 30;1,50;INTEGRAL TOP 200
3400932331536;DOLIPRANE 500MG PDR SACH 12;0,88;INTEGRAL TOP 200
3400931742845;LEXOMIL 6MG CPR TB30;1,35;INTEGRAL TOP 200
3614790000712;ELIXYA SOL OPHT HYD FL 10ML T;6,21;INTEGRAL TOP 200
3400930066010;LEVOTHYROX 125MCG CPR BT30 EXC;1,95;INTEGRAL TOP 200
3400937071253;RHINOMAXIL 100MCG NAS PULV120D.;4,90;INTEGRAL TOP 200
3400931585756;TRIDESONIT 0,05% CR TB30G;1,51;INTEGRAL TOP 200
3400930418673;FUNGIZONE 10% BUV FL40ML;4,24;INTEGRAL TOP 200
3400941533969;DOLIPRANE 1000MG GELU BT8;0,88;INTEGRAL TOP 200
3400936246980;DOLIPRANE 1000MG BUV SACH 8;0,88;INTEGRAL TOP 200
3400930264546;COUMADINE 2MG CPR BT20;1,23;INTEGRAL TOP 200
3400930258668;WEGOVY 2,4MG FLEX INJ STYLO SC 1;174,42;INTEGRAL TOP 200
3400941686245;SPASFON LYOC 160MG LYOT ORAL 5;1,12;INTEGRAL TOP 200
3400930258644;WEGOVY 1MG FLEX INJ STYLO SC 1;131,19;INTEGRAL TOP 200
3400935137340;PRIORIX INJ FL+SRG 1 +2AIG;11,38;INTEGRAL TOP 200
3400933913083;ESTREVA GEL FL-DOS 50G;4,46;INTEGRAL TOP 200
3400937477680;DEXAFREE 1MG/ML COLLY DOS 30;3,69;INTEGRAL TOP 200
3400932790661;OTIPAX SOL INSTIL AUR FV16G+CG;1,52;INTEGRAL TOP 200
3400930216453;TRULICITY 3MG INJ STY0,5ML 4;71,39;INTEGRAL TOP 200
3400930292945;MOUNJARO 10MG INJ STYLO KWIKPEN 1;301,08;INTEGRAL TOP 200
3400931358589;PYOSTACINE 500MG CPR BT16;15,92;INTEGRAL TOP 200
3400932645503;TOCO 500MG CAPS MOL BT30;2,25;INTEGRAL TOP 200
3400930234976;UVEDOSE 50000UI CAPS MOL BT2;1,78;INTEGRAL TOP 200
3400934999451;DOLIPRANE 300MG PDR SACH 12;1,12;INTEGRAL TOP 200
3400931052838;THERALENE 5MG CPR PELLIC BT50;1,49;INTEGRAL TOP 200
3400931187943;FEROGRAD VIT C 500 CPR BT30;1,92;INTEGRAL TOP 200
3400930065570;LEVOTHYROX 25MCG CPR BT90 EXC;1,26;INTEGRAL TOP 200
3400932285778;STRESAM GELU BT60;6,71;INTEGRAL TOP 200
3401040669122;HYLO CONFORT COLLY HYD F10ML T;7,02;INTEGRAL TOP 200
3400930084564;ATURGYL 0,05% NAS FL15ML;1,13;INTEGRAL TOP 200
3400922179049;OPTILOVA 20MCG/100MCG CPR 28X3;3,23;INTEGRAL TOP 200
3400930204887;KLIPAL 600MG/50MG CPR BT12;1,38;INTEGRAL TOP 200
3400930216484;TRULICITY 4,5MG INJ STY0,5ML 4;71,39;INTEGRAL TOP 200
3400935706140;TIMOFEROL GELU BT30;1,42;INTEGRAL TOP 200
3400930260241;WEGOVY 1,7MG FLEX INJ STYLO SC 1;151,25;INTEGRAL TOP 200
3400935294227;DOLIPRANE 1000MG CPR EFFV TB8;0,88;INTEGRAL TOP 200
3400931898191;ASPEGIC AD. 1000MG BUV SACH 20;2,23;INTEGRAL TOP 200
3400931927679;STAGID 700MG CPR BT100;4,92;INTEGRAL TOP 200
3400933484132;PREVISCAN 20MG CPR BT30;1,76;INTEGRAL TOP 200
3400934223976;XYLOCAINE 10MG/ML S/C FL20ML 1;1,25;INTEGRAL TOP 200
3400927350078;HEXYON INJ SRG0,5ML 1 + 1AIG;28,92;INTEGRAL TOP 200
3400934809408;DOLIPRANE 150MG SUP BT10;1,03;INTEGRAL TOP 200
3400932308293;DIPROSONE 0,05% POM TB30G;2,41;INTEGRAL TOP 200
3400934464171;PAROEX 0,12% BAIN BCHE F300ML;2,02;INTEGRAL TOP 200
3400936441460;PLAQUENIL 200MG CPR PEL BT30;2,90;INTEGRAL TOP 200
3400931533429;POLYDEXA SOL AURIC FL10,5ML;1,48;INTEGRAL TOP 200
3400926692100;MELAXOSE PATE ORAL POT P150G+C;3,42;INTEGRAL TOP 200
3400934125942;GYDRELLE 0,1% CR VAG TB30G;2,70;INTEGRAL TOP 200
3400930016671;TOUJEO 300U SOLOSTAR STY1,5ML3;31,05;INTEGRAL TOP 200
3401554372105;SYSTANE BAL GTT OCUL LUB10ML T;8,52;INTEGRAL TOP 200
3400931053088;THERALENE 4% BUV GTT FL30ML;1,62;INTEGRAL TOP 200
3400931405009;LEPTICUR 10MG CPR BT30;3,52;INTEGRAL TOP 200
3400927886768;XIGDUO 5MG/1000MG CPR BT60;32,37;INTEGRAL TOP 200
3400934195389;INDOCOLLYRE 0,1% COLLY FL5ML;2,59;INTEGRAL TOP 200
3400930195291;BAQSIMI 3MG PDR NAS UNIDOS  1;52,41;INTEGRAL TOP 200
3400934035890;ARTELAC 1,6MG/0,5ML CY DOS 60;4,81;INTEGRAL TOP 200
3400926784102;ELIQUIS 5MG CPR BT60;52,41;INTEGRAL TOP 200
3400930234983;UVEDOSE 50000UI CAPS MOL BT4;3,44;INTEGRAL TOP 200
3400930262313;VITABACT 0,05% CY FL GTT10ML 1;3,91;INTEGRAL TOP 200
3400930053287;ANTIBIO-SYNALAR AURIC SOL 10ML;1,63;INTEGRAL TOP 200
3400934912405;MONAZOL 2% CR TB15G;2,24;INTEGRAL TOP 200
3400930121429;LEVOTHYROX 100MCG CPR BT90 EXC;4,54;INTEGRAL TOP 200
3400933384616;FLECTOR 1% GEL TB60G - NSFP;1,69;INTEGRAL TOP 200
3400930157930;LEVOTHYROX 88MCG CPR BT30;1,41;INTEGRAL TOP 200
3400932192946;DUPHASTON 10MG CPR BT10;2,31;INTEGRAL TOP 200
3400932320189;DOLIPRANE 500MG CPR BT16;0,88;INTEGRAL TOP 200
3400930037911;ENTRESTO 49MG/51MG CPR BT56;98,15;INTEGRAL TOP 200
3400934423079;ADRIGYL 10000UI/ML GTT FL10ML;1,32;INTEGRAL TOP 200
3400931623298;COLPOTROPHINE CAPS VAG BT20;3,67;INTEGRAL TOP 200
3400930037904;ENTRESTO 24MG/26MG CPR BT28;49,06;INTEGRAL TOP 200
4028694001499;HYLOVIS MULTI GTT FL15ML 1;8,49;INTEGRAL TOP 200
3400926857981;TRESIBA 200U/ML INJ STYL.3ML 3;49,81;INTEGRAL TOP 200
3400930247853;PREVENAR 20 INJ SRG0,5ML+AIG 1;50,28;INTEGRAL TOP 200
3400936773875;BOOSTRIXTETRA INJ SRG0,5ML+A 1;19,15;INTEGRAL TOP 200
3400937722988;LANTUS 100U/ML INJ SOLO3ML 5;32,28;INTEGRAL TOP 200
3400934507786;DOLIPRANE 500MG GELU BT16;0,88;INTEGRAL TOP 200
3400930158494;COSTEC 20+5MG/ML COLLY FL10ML1;12,13;INTEGRAL TOP 200
3400932955107;LOXEN LP 50MG GELU BT60;9,98;INTEGRAL TOP 200
3400934809866;DOLIPRANE 200MG SUP BT10;1,03;INTEGRAL TOP 200
3400930037928;ENTRESTO 97MG/103MG CPR BT56;98,15;INTEGRAL TOP 200
3400930311165;COLCHICINE MYS 1MG CPR BT30;3,06;INTEGRAL TOP 200
3664478000015;HYLO LIPID COLLYRE FL3ML1;7,62;INTEGRAL TOP 200
3400930573020;LAROXYL 25MG CPR BT60;2,89;INTEGRAL TOP 200
3400930066188;LEVOTHYROX 150MCG CPR BT30 EXC;2,32;INTEGRAL TOP 200
3400932070268;FLAMMAZINE CR TB50G;2,83;INTEGRAL TOP 200
3400930158043;LEVOTHYROX 112MCG CPR BT30;1,77;INTEGRAL TOP 200
3400936416628;SEPTIVON 1,5% CUTA FL250ML;1,72;INTEGRAL TOP 200
3400937689021;LACRIFLUID 0,13% CY UNIDOS 60;4,81;INTEGRAL TOP 200
3400930396988;FERROSTRANE ENF/AD SIR F125ML1;2,01;INTEGRAL TOP 200
3400930271216;DIPROSALIC LOT FL30ML;2,25;INTEGRAL TOP 200
3400930252512;NEFOPAM PANP 30MG CPR PEL BT30;8,84;INTEGRAL TOP 200
3400931136446;VIT B12 GERDA 250MCG CPR FL24;5,50;INTEGRAL TOP 200
3400927619960;RELVAR ELLIPTA 92/22MCG 30DOSX1;25,05;INTEGRAL TOP 200
3400930108611;BETADINE SCRUB SOL FP125ML;1,33;INTEGRAL TOP 200
3400934809118;DOLIPRANE 100MG SUP BT10;1,03;INTEGRAL TOP 200
3400930145951;LEVOFREE 0,05% COLLY FL5ML 1;4,64;INTEGRAL TOP 200
3400932046546;CYTEAL SOL MOUSS FP250ML;2,21;INTEGRAL TOP 200
3400930240595;RYALTRIS 25MCG/600MCG/DOS F30ML1;8,99;INTEGRAL TOP 200
3400933397562;KEAL 1G SUSP BUV SACH5ML 30;7,89;INTEGRAL TOP 200
3400930271209;DIPROSONE 0,05% LOT FL30ML;2,41;INTEGRAL TOP 200
3400949250318;ZALERG 0,25MG/ML COLLY FL5ML;4,25;INTEGRAL TOP 200
3400930258637;WEGOVY 0,5MG FLEX INJ STYLO SC 1;131,19;INTEGRAL TOP 200
3400941945670;ELIQUIS 2,5MG CPR BT60;52,41;INTEGRAL TOP 200
3400930079782;VAXELIS INJ SRG0,5ML 1 +1AIG;28,35;INTEGRAL TOP 200
3400931499787;BETADINE 10% SOL LOC FL125ML;1,48;INTEGRAL TOP 200
3400930024119;SOOLANTRA 10MG/G CR TB30G 1;25,82;INTEGRAL TOP 200
3400926752682;OPTIDRIL 30MCG/150MCG CPR 28X3;3,23;INTEGRAL TOP 200
3400930652534;MAXIDROL COLLY FL3ML;1,48;INTEGRAL TOP 200
3400935887559;SERESTA 10MG CPR BT30;0,96;INTEGRAL TOP 200
3400930313244;ASARED 75MG CPR BT30;1,36;INTEGRAL TOP 200
3400930040072;ABASAGLAR 100U STY(1-80U) 3ML5;29,98;INTEGRAL TOP 200
3400935166906;ENGERIX B 20MCG SRG.BACK.1ML 1;13,94;INTEGRAL TOP 200
3400932637119;RHINOFLUIMUCIL NAS FL NEB 10ML;4,66;INTEGRAL TOP 200
3400930322154;OZEMPIC 0,5MG INJ STYLO3ML 1;68,23;INTEGRAL TOP 200
3400932487813;HAVLANE CPR BT20;2,00;INTEGRAL TOP 200
3400934429972;TOBRADEX COLLY FL5ML;1,90;INTEGRAL TOP 200
3400933018023;DEPAKINE CHRONO 500MG CPR TB30;5,96;INTEGRAL TOP 200
3400932748501;AMYCOR 1% CR LOC TB15G;2,71;INTEGRAL TOP 200
3400936497931;VOGALENE 5MG SUP SECAB BT10;1,12;INTEGRAL TOP 200
3400930632192;LUMIRELAX 500MG CPR BT20;7,42;INTEGRAL TOP 200
3400937071024;RINOCLENIL 100MCG NAS PULV120D.;4,70;INTEGRAL TOP 200
3614790001054;NEREYA COLLY 0,24% FL10ML;6,21;INTEGRAL TOP 200
3400932855520;EXACYL 500MG CPR PELLIC BT20;2,34;INTEGRAL TOP 200
3400932781737;LOXEN 20MG CPR BT30;3,21;INTEGRAL TOP 200
3400936366848;MONOSEPT COLLY DOS 30;2,46;INTEGRAL TOP 200
3400932399482;SURGAM 200MG CPR BT15;1,69;INTEGRAL TOP 200
3400934810176;DOLIPRANE 300MG SUP BT10;1,03;INTEGRAL TOP 200
3662042003615;BLEPHACLEAN COMP STER PAUP 20;8,93;INTEGRAL TOP 200
3400932223794;NERISONE CR TB30G;1,93;INTEGRAL TOP 200
3400934136139;XOLAAM CPR CROQ BT40;1,50;INTEGRAL TOP 200
3400936918498;DIASEPTYL 0,5% SOL PULV 125ML;2,35;INTEGRAL TOP 200
3400927956478;DULCILARMES 1,5% COLLY DOS 60;4,81;INTEGRAL TOP 200
3400930121443;LEVOTHYROX 125MCG CPR BT90 EXC;5,64;INTEGRAL TOP 200
