Commentaire;Code Labo;EAN13;EAN13_2;Libellé;TVA;Prix A HT;Remise1;Vignette;Code Acte;QteMin;Gabarit;Gammes;Labo;Labo adr1;Labo adr2;Labo cp;Labo ville;Labo tel;fou_fax;fou_web;QteMin2;RemQte2;QteMin3;RemQte3;QteMin4;RemQte4;Referencement;Conditions
;;3400934744198;;KARDEGIC 75MG PDR SACH 30;0,021;1,29000;0,00000;;;1;;;;;;;;;;;;;;;;;;
;;3400949605538;;IZALGI 500MG/25MG GELU BT16;0,021;1,25000;0,00000;;;1;;;;;;;;;;;;;;;;;;
;;3400932005093;;DIPROSTENE INJ SERING1ML 1;0,021;3,71000;0,00000;;;1;;;;;;;;;;;;;;;;;;
;;3662042005664;;THEALOSE SOL OPHT FL 15ML T;0,200;8,34000;0,00000;;;1;;;;;;;;;;;;;;;;;;
;;3400933247379;;KARDEGIC 160MG PDR SACH 30;0,021;1,29000;0,00000;;;1;;;;;;;;;;;;;;;;;;
;;3400935154958;;LAMALINE GELU BT16;0,021;1,10000;0,00000;;;1;;;;;;;;;;;;;;;;;;
;;3400930986080;;SPASFON CPR BT30;0,021;1,75000;0,00000;;;1;;;;;;;;;;;;;;;;;;
;;3400930292914;;MOUNJARO 5MG INJ STYLO KWIKPEN 1;0,021;212,74000;0,00000;;;1;;;;;;;;;;;;;;;;;;
;;3400922385624;;HELICIDINE 10% S/S SIR FP250ML;0,021;2,34000;0,00000;;;1;;;;;;;;;;;;;;;;;;
;;3400932905997;;DIFFU-K 600MG GELU BT40;0,021;1,61000;0,00000;;;1;;;;;;;;;;;;;;;;;;
;;3400930292907;;MOUNJARO 2,5MG INJ STYLO KWIKPEN 1;0,021;157,36000;0,00000;;;1;;;;;;;;;;;;;;;;;;
;;3400934438738;;VENTOLINE 100MCG INH FL200DOS 1;0,021;3,06000;0,00000;;;1;;;;;;;;;;;;;;;;;;
;;4028694001468;;VISMED MULTI GTT LUBR FL15ML T;0,200;8,60000;0,00000;;;1;;;;;;;;;;;;;;;;;;
;;3401040669580;;HYLO CONFORT+COLLY HYD F10ML T;0,200;7,02000;0,00000;;;1;;;;;;;;;;;;;;;;;;
;;3400932162901;;SKIACOL 0,5% COLLY FL0,5ML;0,100;7,11000;0,00000;;;1;;;;;;;;;;;;;;;;;;
;;3400930056202;;GARDASIL 9 INJ SRG0,5ML 1+2AIG;0,021;103,40000;0,00000;;;1;;;;;;;;;;;;;;;;;;
;;3400931384144;;STERDEX POM OPHT UNIDOS 12;0,021;1,73000;0,00000;;;1;;;;;;;;;;;;;;;;;;
;;3400931307372;;NORMACOL LAVEMENT AD. D.130ML;0,021;1,23000;0,00000;;;1;;;;;;;;;;;;;;;;;;
;;3400935528988;;IBUFETUM 5% GEL TB60G;0,021;1,61000;0,00000;;;1;;;;;;;;;;;;;;;;;;
;;3400926863036;;BEXSERO INJ SRG0,5ML 1 +AIG;0,021;70,51000;0,00000;;;1;;;;;;;;;;;;;;;;;;
;;3400932676729;;ANTADYS 100MG CPR BT15;0,021;2,04000;0,00000;;;1;;;;;;;;;;;;;;;;;;
;;3400930348444;;EDUCTYL AD. SUP EFFV BT12;0,021;1,29000;0,00000;;;1;;;;;;;;;;;;;;;;;;
;;3400931863014;;SPASFON LYOC 80MG LYOT ORAL 10;0,021;1,12000;0,00000;;;1;;;;;;;;;;;;;;;;;;
;;3400930192757;;SLINDA 4MG CPR PELLIC BT28X3;0,100;26,16000;0,00000;;;1;;;;;;;;;;;;;;;;;;
;;3400933095253;;GAVISCON BUV SUSP SACH10ML 24;0,021;3,42000;0,00000;;;1;;;;;;;;;;;;;;;;;;
;;3400931710509;;VIT B12 DEL.1000MCG INJ A.2ML 6;0,021;2,14000;0,00000;;;1;;;;;;;;;;;;;;;;;;
;;3400935358363;;ZYMAD 10000UI/ML BUV GTT 10ML;0,021;1,53000;0,00000;;;1;;;;;;;;;;;;;;;;;;
;;3400934796708;;DACUDOSES OPHT UNIDOS10ML 24;0,021;2,10000;0,00000;;;1;;;;;;;;;;;;;;;;;;
;;3400932340170;;FLUVERMAL CPR BT6;0,021;2,02000;0,00000;;;1;;;;;;;;;;;;;;;;;;
;;3400930141861;;SHINGRIX INJ FL+FL 1;0,021;168,39000;0,00000;;;1;;;;;;;;;;;;;;;;;;
;;3400930065556;;LEVOTHYROX 25MCG CPR BT30 EXC;0,021;0,50000;0,00000;;;1;;;;;;;;;;;;;;;;;;
;;3400930303122;;EYLEA 114,3MG/ML INJ SRG 1;0,021;352,02000;0,00000;;;1;;;;;;;;;;;;;;;;;;
;;3400930065785;;LEVOTHYROX 75MCG CPR BT30 EXC;0,021;1,23000;0,00000;;;1;;;;;;;;;;;;;;;;;;
;;3400936251373;;SPIFEN 400MG CPR BT20;0,021;1,56000;0,00000;;;1;;;;;;;;;;;;;;;;;;
;;3400930028582;;REPATHA 140MG INJ STYLO1ML 1;0,021;164,44000;0,00000;;;1;;;;;;;;;;;;;;;;;;
;;3400937784214;;FLECTOR 1% GEL FL100G;0,021;2,24000;0,00000;;;1;;;;;;;;;;;;;;;;;;
;;3401060060718;;OPTIVE  FUSION COLLYRE FL 10 ML;0,200;5,61000;0,00000;;;1;;;;;;;;;;;;;;;;;;
;;3400926738266;;MONOPROST 50MCG/ML COLLY DOS30;0,021;7,33000;0,00000;;;1;;;;;;;;;;;;;;;;;;
;;3400934615467;;DOLIPRANE 2,4% BUV FV100ML 1;0,021;1,08000;0,00000;;;1;;;;;;;;;;;;;;;;;;
;;3400922257204;;ELUDRILPERIO BAIN BCHE FL200ML;0,021;2,02000;0,00000;;;1;;;;;;;;;;;;;;;;;;
;;3400930065662;;LEVOTHYROX 50MCG CPR BT30 EXC;0,021;0,85000;0,00000;;;1;;;;;;;;;;;;;;;;;;
;;3400933254063;;METEOSPASMYL CAPS BT20;0,021;2,18000;0,00000;;;1;;;;;;;;;;;;;;;;;;
;;3400930065891;;LEVOTHYROX 100MCG CPR BT30 EXC;0,021;1,59000;0,00000;;;1;;;;;;;;;;;;;;;;;;
;;3664490000086;;NEOVIS TOT MULTI GTT FL15ML T;0,200;8,60000;0,00000;;;1;;;;;;;;;;;;;;;;;;
;;3400932440795;;FLUVERMAL 2% BUV FL30ML;0,021;2,25000;0,00000;;;1;;;;;;;;;;;;;;;;;;
;;4028694001413;;VISMED GEL MULTI GTT LUBR FL15ML (NEW);0,200;8,60000;0,00000;;;1;;;;;;;;;;;;;;;;;;
;;3400930292938;;MOUNJARO 7,5MG INJ STYLO KWIKPEN 1;0,021;301,11000;0,00000;;;1;;;;;;;;;;;;;;;;;;
;;3400931927501;;STAGID 700MG CPR BT30;0,021;1,76000;0,00000;;;1;;;;;;;;;;;;;;;;;;
;;3400935356062;;DERINOX SOL NAS FL15ML +POMP;0,100;4,43000;0,00000;;;1;;;;;;;;;;;;;;;;;;
;;3400930244371;;VAXNEUVANCE;0,021;43,39000;0,00000;;;1;;;;;;;;;;;;;;;;;;
;;3400932935345;;CLARADOL 500MG CAFEINE CPR 16;0,021;1,15000;0,00000;;;1;;;;;;;;;;;;;;;;;;
;;3400934646683;;INDOCOLLYRE 0,1% COLLY DOS 20;0,021;2,50000;0,00000;;;1;;;;;;;;;;;;;;;;;;
;;3400930669334;;METEOXANE GELU BT60;0,021;2,72000;0,00000;;;1;;;;;;;;;;;;;;;;;;
;;3400936873742;;REPEVAX INJ SRG 1 S/A+1;0,021;19,17000;0,00000;;;1;;;;;;;;;;;;;;;;;;
;;3400938203820;;AZYTER COLLY UNIDOS 6;0,021;4,12000;0,00000;;;1;;;;;;;;;;;;;;;;;;
;;3400933518004;;TARDYFERON 80MG CPR BT30;0,021;2,27000;0,00000;;;1;;;;;;;;;;;;;;;;;;
;;3400922253930;;NIMENRIX INJ FL+SRG 1 A/2AIG;0,021;34,80000;0,00000;;;1;;;;;;;;;;;;;;;;;;
;;3400930003763;;TRULICITY 1,5MG INJ STY0,5ML 4;0,021;71,42000;0,00000;;;1;;;;;;;;;;;;;;;;;;
;;3400930151105;;OZEMPIC 1MG INJ STYLO3ML 1;0,021;68,25000;0,00000;;;1;;;;;;;;;;;;;;;;;;
;;3400930121405;;LEVOTHYROX 75MCG CPR BT90 EXC;0,021;3,45000;0,00000;;;1;;;;;;;;;;;;;;;;;;
;;3400932189694;;LOCOID 0,1% CR TB30G;0,021;2,17000;0,00000;;;1;;;;;;;;;;;;;;;;;;
;;3400935955838;;DOLIPRANE 1000MG CPR BT8;0,021;0,88000;0,00000;;;1;;;;;;;;;;;;;;;;;;
;;3400931136385;;VIT B12 GERDA 1000MCG AMP4ML 6;0,021;2,14000;0,00000;;;1;;;;;;;;;;;;;;;;;;
;;3400931893639;;ASPEGIC BB. 100MG BUV SACH 20;0,021;1,17000;0,00000;;;1;;;;;;;;;;;;;;;;;;
;;3400930258620;;WEGOVY 0,25MG FLEX INJ STYLO SC 1;0,021;131,21000;0,00000;;;1;;;;;;;;;;;;;;;;;;
;;3400931922537;;PANOTILE GTT AURIC FL8ML;0,021;1,42000;0,00000;;;1;;;;;;;;;;;;;;;;;;
;;3400930065686;;LEVOTHYROX 50MCG CPR BT90 EXC;0,021;2,31000;0,00000;;;1;;;;;;;;;;;;;;;;;;
;;3400930230008;;ASPIRINE PROTECT 100MG CPR 30;0,021;1,50000;0,00000;;;1;;;;;;;;;;;;;;;;;;
;;3400932331536;;DOLIPRANE 500MG PDR SACH 12;0,021;0,88000;0,00000;;;1;;;;;;;;;;;;;;;;;;
;;3400931742845;;LEXOMIL 6MG CPR TB30;0,021;1,35000;0,00000;;;1;;;;;;;;;;;;;;;;;;
;;3614790000712;;ELIXYA SOL OPHT HYD FL 10ML T;0,200;6,21000;0,00000;;;1;;;;;;;;;;;;;;;;;;
;;3400930066010;;LEVOTHYROX 125MCG CPR BT30 EXC;0,021;1,95000;0,00000;;;1;;;;;;;;;;;;;;;;;;
;;3400937071253;;RHINOMAXIL 100MCG NAS PULV120D.;0,021;4,90000;0,00000;;;1;;;;;;;;;;;;;;;;;;
;;3400931585756;;TRIDESONIT 0,05% CR TB30G;0,021;1,51000;0,00000;;;1;;;;;;;;;;;;;;;;;;
;;3400930418673;;FUNGIZONE 10% BUV FL40ML;0,021;4,23000;0,00000;;;1;;;;;;;;;;;;;;;;;;
;;3400941533969;;DOLIPRANE 1000MG GELU BT8;0,021;0,88000;0,00000;;;1;;;;;;;;;;;;;;;;;;
;;3400936246980;;DOLIPRANE 1000MG BUV SACH 8;0,021;0,88000;0,00000;;;1;;;;;;;;;;;;;;;;;;
;;3400930264546;;COUMADINE 2MG CPR BT20;0,021;1,23000;0,00000;;;1;;;;;;;;;;;;;;;;;;
;;3400930258668;;WEGOVY 2,4MG FLEX INJ STYLO SC 1;0,021;174,45000;0,00000;;;1;;;;;;;;;;;;;;;;;;
;;3400941686245;;SPASFON LYOC 160MG LYOT ORAL 5;0,021;1,12000;0,00000;;;1;;;;;;;;;;;;;;;;;;
;;3400930258644;;WEGOVY 1MG FLEX INJ STYLO SC 1;0,021;131,21000;0,00000;;;1;;;;;;;;;;;;;;;;;;
;;3400935137340;;PRIORIX INJ FL+SRG 1 +2AIG;0,021;11,40000;0,00000;;;1;;;;;;;;;;;;;;;;;;
;;3400933913083;;ESTREVA GEL FL-DOS 50G;0,021;4,46000;0,00000;;;1;;;;;;;;;;;;;;;;;;
;;3400937477680;;DEXAFREE 1MG/ML COLLY DOS 30;0,021;3,69000;0,00000;;;1;;;;;;;;;;;;;;;;;;
;;3400932790661;;OTIPAX SOL INSTIL AUR FV16G+CG;0,021;1,52000;0,00000;;;1;;;;;;;;;;;;;;;;;;
;;3400930216453;;TRULICITY 3MG INJ STY0,5ML 4;0,021;71,42000;0,00000;;;1;;;;;;;;;;;;;;;;;;
;;3400930292945;;MOUNJARO 10MG INJ STYLO KWIKPEN 1;0,021;301,11000;0,00000;;;1;;;;;;;;;;;;;;;;;;
;;3400931358589;;PYOSTACINE 500MG CPR BT16;0,021;15,92000;0,00000;;;1;;;;;;;;;;;;;;;;;;
;;3400932645503;;TOCO 500MG CAPS MOL BT30;0,021;2,25000;0,00000;;;1;;;;;;;;;;;;;;;;;;
;;3400930234976;;UVEDOSE 50000UI CAPS MOL BT2;0,021;1,78000;0,00000;;;1;;;;;;;;;;;;;;;;;;
;;3400934999451;;DOLIPRANE 300MG PDR SACH 12;0,021;1,12000;0,00000;;;1;;;;;;;;;;;;;;;;;;
;;3400931052838;;THERALENE 5MG CPR PELLIC BT50;0,021;1,49000;0,00000;;;1;;;;;;;;;;;;;;;;;;
;;3400931187943;;FEROGRAD VIT C 500 CPR BT30;0,021;1,92000;0,00000;;;1;;;;;;;;;;;;;;;;;;
;;3400930065570;;LEVOTHYROX 25MCG CPR BT90 EXC;0,021;1,26000;0,00000;;;1;;;;;;;;;;;;;;;;;;
;;3400932285778;;STRESAM GELU BT60;0,100;6,98000;0,00000;;;1;;;;;;;;;;;;;;;;;;
;;3401040669122;;HYLO CONFORT COLLY HYD F10ML T;0,200;7,02000;0,00000;;;1;;;;;;;;;;;;;;;;;;
;;3400930084564;;ATURGYL 0,05% NAS FL15ML;0,021;1,13000;0,00000;;;1;;;;;;;;;;;;;;;;;;
;;3400922179049;;OPTILOVA 20MCG/100MCG CPR 28X3;0,021;3,23000;0,00000;;;1;;;;;;;;;;;;;;;;;;
;;3400930204887;;KLIPAL 600MG/50MG CPR BT12;0,021;1,38000;0,00000;;;1;;;;;;;;;;;;;;;;;;
;;3400930216484;;TRULICITY 4,5MG INJ STY0,5ML 4;0,021;71,42000;0,00000;;;1;;;;;;;;;;;;;;;;;;
;;3400935706140;;TIMOFEROL GELU BT30;0,021;1,42000;0,00000;;;1;;;;;;;;;;;;;;;;;;
;;3400930260241;;WEGOVY 1,7MG FLEX INJ STYLO SC 1;0,021;151,27000;0,00000;;;1;;;;;;;;;;;;;;;;;;
;;3400935294227;;DOLIPRANE 1000MG CPR EFFV TB8;0,021;0,88000;0,00000;;;1;;;;;;;;;;;;;;;;;;
;;3400931898191;;ASPEGIC AD. 1000MG BUV SACH 20;0,021;2,23000;0,00000;;;1;;;;;;;;;;;;;;;;;;
;;3400931927679;;STAGID 700MG CPR BT100;0,021;4,92000;0,00000;;;1;;;;;;;;;;;;;;;;;;
;;3400933484132;;PREVISCAN 20MG CPR BT30;0,021;1,76000;0,00000;;;1;;;;;;;;;;;;;;;;;;
;;3400934223976;;XYLOCAINE 10MG/ML S/C FL20ML 1;0,021;1,25000;0,00000;;;1;;;;;;;;;;;;;;;;;;
;;3400927350078;;HEXYON INJ SRG0,5ML 1 + 1AIG;0,021;28,94000;0,00000;;;1;;;;;;;;;;;;;;;;;;
;;3400934809408;;DOLIPRANE 150MG SUP BT10;0,021;1,03000;0,00000;;;1;;;;;;;;;;;;;;;;;;
;;3400932308293;;DIPROSONE 0,05% POM TB30G;0,021;2,41000;0,00000;;;1;;;;;;;;;;;;;;;;;;
;;3400934464171;;PAROEX 0,12% BAIN BCHE F300ML;0,021;2,02000;0,00000;;;1;;;;;;;;;;;;;;;;;;
;;3400936441460;;PLAQUENIL 200MG CPR PEL BT30;0,021;2,90000;0,00000;;;1;;;;;;;;;;;;;;;;;;
;;3400931533429;;POLYDEXA SOL AURIC FL10,5ML;0,021;1,48000;0,00000;;;1;;;;;;;;;;;;;;;;;;
;;3400926692100;;MELAXOSE PATE ORAL POT P150G+C;0,021;3,42000;0,00000;;;1;;;;;;;;;;;;;;;;;;
;;3400934125942;;GYDRELLE 0,1% CR VAG TB30G;0,021;2,70000;0,00000;;;1;;;;;;;;;;;;;;;;;;
;;3400930016671;;TOUJEO 300U SOLOSTAR STY1,5ML3;0,021;31,08000;0,00000;;;1;;;;;;;;;;;;;;;;;;
;;3401554372105;;SYSTANE BAL GTT OCUL LUB10ML T;0,200;8,52000;0,00000;;;1;;;;;;;;;;;;;;;;;;
;;3400931053088;;THERALENE 4% BUV GTT FL30ML;0,021;1,62000;0,00000;;;1;;;;;;;;;;;;;;;;;;
;;3400931405009;;LEPTICUR 10MG CPR BT30;0,021;3,52000;0,00000;;;1;;;;;;;;;;;;;;;;;;
;;3400927886768;;XIGDUO 5MG/1000MG CPR BT60;0,021;32,37000;0,00000;;;1;;;;;;;;;;;;;;;;;;
;;3400934195389;;INDOCOLLYRE 0,1% COLLY FL5ML;0,021;2,59000;0,00000;;;1;;;;;;;;;;;;;;;;;;
;;3400930195291;;BAQSIMI 3MG PDR NAS UNIDOS  1;0,021;52,41000;0,00000;;;1;;;;;;;;;;;;;;;;;;
;;3400934035890;;ARTELAC 1,6MG/0,5ML CY DOS 60;0,021;4,81000;0,00000;;;1;;;;;;;;;;;;;;;;;;
;;3400926784102;;ELIQUIS 5MG CPR BT60;0,021;52,41000;0,00000;;;1;;;;;;;;;;;;;;;;;;
;;3400930234983;;UVEDOSE 50000UI CAPS MOL BT4;0,021;3,44000;0,00000;;;1;;;;;;;;;;;;;;;;;;
;;3400930262313;;VITABACT 0,05% CY FL GTT10ML 1;0,021;3,91000;0,00000;;;1;;;;;;;;;;;;;;;;;;
;;3400930053287;;ANTIBIO-SYNALAR AURIC SOL 10ML;0,021;1,63000;0,00000;;;1;;;;;;;;;;;;;;;;;;
;;3400934912405;;MONAZOL 2% CR TB15G;0,021;2,24000;0,00000;;;1;;;;;;;;;;;;;;;;;;
;;3400930121429;;LEVOTHYROX 100MCG CPR BT90 EXC;0,021;4,53000;0,00000;;;1;;;;;;;;;;;;;;;;;;
;;3400933384616;;FLECTOR 1% GEL TB60G - NSFP;0,021;1,69000;0,00000;;;1;;;;;;;;;;;;;;;;;;
;;3400930157930;;LEVOTHYROX 88MCG CPR BT30;0,021;1,41000;0,00000;;;1;;;;;;;;;;;;;;;;;;
;;3400932192946;;DUPHASTON 10MG CPR BT10;0,021;2,31000;0,00000;;;1;;;;;;;;;;;;;;;;;;
;;3400932320189;;DOLIPRANE 500MG CPR BT16;0,021;0,88000;0,00000;;;1;;;;;;;;;;;;;;;;;;
;;3400930037911;;ENTRESTO 49MG/51MG CPR BT56;0,021;98,15000;0,00000;;;1;;;;;;;;;;;;;;;;;;
;;3400934423079;;ADRIGYL 10000UI/ML GTT FL10ML;0,021;1,32000;0,00000;;;1;;;;;;;;;;;;;;;;;;
;;3400931623298;;COLPOTROPHINE CAPS VAG BT20;0,021;3,67000;0,00000;;;1;;;;;;;;;;;;;;;;;;
;;3400930037904;;ENTRESTO 24MG/26MG CPR BT28;0,021;49,06000;0,00000;;;1;;;;;;;;;;;;;;;;;;
;;4028694001499;;HYLOVIS MULTI GTT FL15ML 1;0,200;8,49000;0,00000;;;1;;;;;;;;;;;;;;;;;;
;;3400926857981;;TRESIBA 200U/ML INJ STYL.3ML 3;0,021;49,84000;0,00000;;;1;;;;;;;;;;;;;;;;;;
;;3400930247853;;PREVENAR 20 INJ SRG0,5ML+AIG 1;0,021;50,30000;0,00000;;;1;;;;;;;;;;;;;;;;;;
;;3400936773875;;BOOSTRIXTETRA INJ SRG0,5ML+A 1;0,021;19,17000;0,00000;;;1;;;;;;;;;;;;;;;;;;
;;3400937722988;;LANTUS 100U/ML INJ SOLO3ML 5;0,021;32,31000;0,00000;;;1;;;;;;;;;;;;;;;;;;
;;3400934507786;;DOLIPRANE 500MG GELU BT16;0,021;0,88000;0,00000;;;1;;;;;;;;;;;;;;;;;;
;;3400930158494;;COSTEC 20+5MG/ML COLLY FL10ML1;0,021;12,13000;0,00000;;;1;;;;;;;;;;;;;;;;;;
;;3400932955107;;LOXEN LP 50MG GELU BT60;0,021;9,98000;0,00000;;;1;;;;;;;;;;;;;;;;;;
;;3400934809866;;DOLIPRANE 200MG SUP BT10;0,021;1,03000;0,00000;;;1;;;;;;;;;;;;;;;;;;
;;3400930037928;;ENTRESTO 97MG/103MG CPR BT56;0,021;98,15000;0,00000;;;1;;;;;;;;;;;;;;;;;;
;;3400930311165;;COLCHICINE MYS 1MG CPR BT30;0,021;3,06000;0,00000;;;1;;;;;;;;;;;;;;;;;;
;;3664478000015;;HYLO LIPID COLLYRE FL3ML1;0,200;7,62000;0,00000;;;1;;;;;;;;;;;;;;;;;;
;;3400930573020;;LAROXYL 25MG CPR BT60;0,021;2,89000;0,00000;;;1;;;;;;;;;;;;;;;;;;
;;3400930066188;;LEVOTHYROX 150MCG CPR BT30 EXC;0,021;2,32000;0,00000;;;1;;;;;;;;;;;;;;;;;;
;;3400932070268;;FLAMMAZINE CR TB50G;0,021;2,83000;0,00000;;;1;;;;;;;;;;;;;;;;;;
;;3400930158043;;LEVOTHYROX 112MCG CPR BT30;0,021;1,77000;0,00000;;;1;;;;;;;;;;;;;;;;;;
;;3400936416628;;SEPTIVON 1,5% CUTA FL250ML;0,021;1,72000;0,00000;;;1;;;;;;;;;;;;;;;;;;
;;3400937689021;;LACRIFLUID 0,13% CY UNIDOS 60;0,021;4,81000;0,00000;;;1;;;;;;;;;;;;;;;;;;
;;3400930396988;;FERROSTRANE ENF/AD SIR F125ML1;0,021;2,01000;0,00000;;;1;;;;;;;;;;;;;;;;;;
;;3400930271216;;DIPROSALIC LOT FL30ML;0,021;2,25000;0,00000;;;1;;;;;;;;;;;;;;;;;;
;;3400930252512;;NEFOPAM PANP 30MG CPR PEL BT30;0,021;8,84000;0,00000;;;1;;;;;;;;;;;;;;;;;;
;;3400931136446;;VIT B12 GERDA 250MCG CPR FL24;0,100;5,50000;0,00000;;;1;;;;;;;;;;;;;;;;;;
;;3400927619960;;RELVAR ELLIPTA 92/22MCG 30DOSX1;0,021;25,05000;0,00000;;;1;;;;;;;;;;;;;;;;;;
;;3400930108611;;BETADINE SCRUB SOL FP125ML;0,021;1,33000;0,00000;;;1;;;;;;;;;;;;;;;;;;
;;3400934809118;;DOLIPRANE 100MG SUP BT10;0,021;1,03000;0,00000;;;1;;;;;;;;;;;;;;;;;;
;;3400930145951;;LEVOFREE 0,05% COLLY FL5ML 1;0,021;4,64000;0,00000;;;1;;;;;;;;;;;;;;;;;;
;;3400932046546;;CYTEAL SOL MOUSS FP250ML;0,021;2,21000;0,00000;;;1;;;;;;;;;;;;;;;;;;
;;3400930240595;;RYALTRIS 25MCG/600MCG/DOS F30ML1;0,021;8,98000;0,00000;;;1;;;;;;;;;;;;;;;;;;
;;3400933397562;;KEAL 1G SUSP BUV SACH5ML 30;0,100;7,89000;0,00000;;;1;;;;;;;;;;;;;;;;;;
;;3400930271209;;DIPROSONE 0,05% LOT FL30ML;0,021;2,41000;0,00000;;;1;;;;;;;;;;;;;;;;;;
;;3400949250318;;ZALERG 0,25MG/ML COLLY FL5ML;0,021;4,24000;0,00000;;;1;;;;;;;;;;;;;;;;;;
;;3400930258637;;WEGOVY 0,5MG FLEX INJ STYLO SC 1;0,021;131,21000;0,00000;;;1;;;;;;;;;;;;;;;;;;
;;3400941945670;;ELIQUIS 2,5MG CPR BT60;0,021;52,41000;0,00000;;;1;;;;;;;;;;;;;;;;;;
;;3400930079782;;VAXELIS INJ SRG0,5ML 1 +1AIG;0,021;28,38000;0,00000;;;1;;;;;;;;;;;;;;;;;;
;;3400931499787;;BETADINE 10% SOL LOC FL125ML;0,021;1,48000;0,00000;;;1;;;;;;;;;;;;;;;;;;
;;3400930024119;;SOOLANTRA 10MG/G CR TB30G 1;0,100;25,82000;0,00000;;;1;;;;;;;;;;;;;;;;;;
;;3400926752682;;OPTIDRIL 30MCG/150MCG CPR 28X3;0,021;3,23000;0,00000;;;1;;;;;;;;;;;;;;;;;;
;;3400930652534;;MAXIDROL COLLY FL3ML;0,021;1,48000;0,00000;;;1;;;;;;;;;;;;;;;;;;
;;3400935887559;;SERESTA 10MG CPR BT30;0,021;0,96000;0,00000;;;1;;;;;;;;;;;;;;;;;;
;;3400930313244;;ASARED 75MG CPR BT30;0,021;1,36000;0,00000;;;1;;;;;;;;;;;;;;;;;;
;;3400930040072;;ABASAGLAR 100U STY(1-80U) 3ML5;0,021;30,00000;0,00000;;;1;;;;;;;;;;;;;;;;;;
;;3400935166906;;ENGERIX B 20MCG SRG.BACK.1ML 1;0,021;13,96000;0,00000;;;1;;;;;;;;;;;;;;;;;;
;;3400932637119;;RHINOFLUIMUCIL NAS FL NEB 10ML;0,100;4,66000;0,00000;;;1;;;;;;;;;;;;;;;;;;
;;3400930322154;;OZEMPIC 0,5MG INJ STYLO3ML 1;0,021;68,25000;0,00000;;;1;;;;;;;;;;;;;;;;;;
;;3400932487813;;HAVLANE CPR BT20;0,021;2,00000;0,00000;;;1;;;;;;;;;;;;;;;;;;
;;3400934429972;;TOBRADEX COLLY FL5ML;0,021;1,90000;0,00000;;;1;;;;;;;;;;;;;;;;;;
;;3400933018023;;DEPAKINE CHRONO 500MG CPR TB30;0,021;5,96000;0,00000;;;1;;;;;;;;;;;;;;;;;;
;;3400932748501;;AMYCOR 1% CR LOC TB15G;0,021;2,71000;0,00000;;;1;;;;;;;;;;;;;;;;;;
;;3400936497931;;VOGALENE 5MG SUP SECAB BT10;0,021;1,12000;0,00000;;;1;;;;;;;;;;;;;;;;;;
;;3400930632192;;LUMIRELAX 500MG CPR BT20;0,100;7,42000;0,00000;;;1;;;;;;;;;;;;;;;;;;
;;3400937071024;;RINOCLENIL 100MCG NAS PULV120D.;0,021;4,70000;0,00000;;;1;;;;;;;;;;;;;;;;;;
;;3614790001054;;NEREYA COLLY 0,24% FL10ML;0,200;6,21000;0,00000;;;1;;;;;;;;;;;;;;;;;;
;;3400932855520;;EXACYL 500MG CPR PELLIC BT20;0,021;2,34000;0,00000;;;1;;;;;;;;;;;;;;;;;;
;;3400932781737;;LOXEN 20MG CPR BT30;0,021;3,21000;0,00000;;;1;;;;;;;;;;;;;;;;;;
;;3400936366848;;MONOSEPT COLLY DOS 30;0,021;2,46000;0,00000;;;1;;;;;;;;;;;;;;;;;;
;;3400932399482;;SURGAM 200MG CPR BT15;0,021;1,69000;0,00000;;;1;;;;;;;;;;;;;;;;;;
;;3400934810176;;DOLIPRANE 300MG SUP BT10;0,021;1,03000;0,00000;;;1;;;;;;;;;;;;;;;;;;
;;3662042003615;;BLEPHACLEAN COMP STER PAUP 20;0,200;8,93000;0,00000;;;1;;;;;;;;;;;;;;;;;;
;;3400932223794;;NERISONE CR TB30G;0,021;1,93000;0,00000;;;1;;;;;;;;;;;;;;;;;;
;;3400934136139;;XOLAAM CPR CROQ BT40;0,021;1,50000;0,00000;;;1;;;;;;;;;;;;;;;;;;
;;3400936918498;;DIASEPTYL 0,5% SOL PULV 125ML;0,021;2,35000;0,00000;;;1;;;;;;;;;;;;;;;;;;
;;3400927956478;;DULCILARMES 1,5% COLLY DOS 60;0,021;4,81000;0,00000;;;1;;;;;;;;;;;;;;;;;;
;;3400930121443;;LEVOTHYROX 125MCG CPR BT90 EXC;0,021;5,64000;0,00000;;;1;;;;;;;;;;;;;;;;;;
